StartDate,EndDate,Status,Progress,Duration (in seconds),Finished,RecordedDate,ResponseId,DistributionChannel,UserLanguage,Q2,Q3,Q4,Q5,Q6,Q7,Q8,Q9,Q10,Q11,Q12,Q13,Q14,Q15,Q16,Q17,Q18,Q19,Q20,Q21,Q22,Q23
Start Date,End Date,Response Type,Progress,Duration (in seconds),Finished,Recorded Date,Response ID,Distribution Channel,User Language,Consent:,I am,I am,"What is your high school Grade Point Average (GPA) on a 4.0 scale? If your school used a 5.0 scale, multiply your GPA by 0.8 to put it on a 4.0 scale.",What is your classification?,I am,I consider my family,"On average, how many hours do you study each week (including the time doing homework)?","On average, how many hours of sleep do you get each night?","On average, how many hours do you work each week?","On average, how many hours do you spend engaging in extracurricular activities (e.g. clubs, organizations, sports, band, etc.) each week?","On a scale from 1-5, how would you describe your time management skills?",Do you believe your class/university provides sufficient resources to help you with your coursework?,Do you believe your professors give you enough time to complete your assignments?,"During your time in college, have you ever used generative AI tools (e.g. ChatGPT, Gemini, Preplexity, Claude, Copilot, etc.) to cheat on an assignment or a test where AI tools were not allowed per the course policy?","During your time in college, have you ever paid other individuals (e.g. peers, former students, tutors, etc.) for assignment or test answers?","During your time in college, have you ever used paid or unpaid online services (e.g. Chegg, Numerade) to access assignment or test answers?","During your time in college, have you ever used a group chat (e.g. GroupMe) to cheat on an assignment or test? [Note: collaboration on assignments where permitted by the course policy is NOT considered cheating.]","During your time in college, how often have you seen other students use generative AI tools (e.g. ChatGPT, Gemini, Preplexity, Claude, Copilot, etc.) to cheat on assignments or tests where AI tools were not allowed per the course policy?","During your time in college, how often have you seen other students cheat on assignments or tests by seeking help from peers, former students, or tutors?","During your time in college, how often have you seen other students use online services (e.g. Chegg, Numerade) to cheat on assignments or tests?","During your time in college, how often have you seen other students use group chats (e.g. GroupMe) to cheat on assignments or tests? [Note: collaboration on assignments where permitted by the course policy is NOT considered cheating.]"
"{""ImportId"":""startDate"",""timeZone"":""America/New_York""}","{""ImportId"":""endDate"",""timeZone"":""America/New_York""}","{""ImportId"":""status""}","{""ImportId"":""progress""}","{""ImportId"":""duration""}","{""ImportId"":""finished""}","{""ImportId"":""recordedDate"",""timeZone"":""America/New_York""}","{""ImportId"":""_recordId""}","{""ImportId"":""distributionChannel""}","{""ImportId"":""userLanguage""}","{""ImportId"":""QID1""}","{""ImportId"":""QID3""}","{""ImportId"":""QID36""}","{""ImportId"":""QID37""}","{""ImportId"":""QID29""}","{""ImportId"":""QID35""}","{""ImportId"":""QID31""}","{""ImportId"":""QID38""}","{""ImportId"":""QID39""}","{""ImportId"":""QID40""}","{""ImportId"":""QID41""}","{""ImportId"":""QID42""}","{""ImportId"":""QID43""}","{""ImportId"":""QID44""}","{""ImportId"":""QID50""}","{""ImportId"":""QID52""}","{""ImportId"":""QID53""}","{""ImportId"":""QID54""}","{""ImportId"":""QID63""}","{""ImportId"":""QID64""}","{""ImportId"":""QID65""}","{""ImportId"":""QID66""}"
2025-02-10 22:53:22,2025-02-10 22:53:42,Survey Preview,100,20,True,2025-02-10 22:53:43,R_6jfrIFSvykLuuLT,preview,EN,I don't consent to participate in this study,,,,,,,,,,,,,,,,,,,,,
2025-02-10 22:53:48,2025-02-10 22:55:20,Survey Preview,100,91,True,2025-02-10 22:55:20,R_6eKk9SSJtXSd6Sd,preview,EN,I voluntarily consent to participate in this study,Male,a first-generation college student,Don’t know,Junior,"NOT a Science, Technology, Engineering, or Mathematics (STEM) major",Working Class,16 – 20 hours,4 – 6 hours,11 – 15 hours,More than 20 hours,Poor (1),Yes,No,No,Yes,Yes,No,Often,Very Often,Sometimes,very Often
2025-02-11 08:15:06,2025-02-11 08:17:45,IP Address,100,158,True,2025-02-11 08:17:46,R_5RebDS9pirX0HZv,email,EN,I voluntarily consent to participate in this study,Male,NOT a first-generation college student,2.00 – 2.99,Sophomore,"a Science, Technology, Engineering, or Mathematics (STEM) major",Lower Middle Class,1 – 5 hours,4 – 6 hours,16 – 20 hours,1 – 5 hours,Fair,Yes,Yes,No,No,No,No,Sometimes,Rarely,Sometimes,Often
2025-02-11 09:37:42,2025-02-11 09:40:02,IP Address,100,140,True,2025-02-11 09:40:03,R_7IgteuofDPpcROr,email,EN,I voluntarily consent to participate in this study,Female,NOT a first-generation college student,3.00 – 4.00,Junior,"a Science, Technology, Engineering, or Mathematics (STEM) major",Upper Middle Class,1 – 5 hours,7 – 9 hours,0 hours (don’t work),6 – 10 hours,Good,Yes,Yes,No,No,No,No,,,,
2025-02-11 09:42:09,2025-02-11 09:44:17,IP Address,100,127,True,2025-02-11 09:44:18,R_6KygATqoFJTLMhr,email,EN,I don't consent to participate in this study,,,,,,,,,,,,,,,,,,,,,
2025-02-11 11:05:35,2025-02-11 11:08:22,IP Address,100,167,True,2025-02-11 11:08:23,R_3TRJkszr6XatIZQ,email,EN,I voluntarily consent to participate in this study,Female,NOT a first-generation college student,Below 1.00,Freshman,"a Science, Technology, Engineering, or Mathematics (STEM) major",Upper Middle Class,1 – 5 hours,4 – 6 hours,0 hours (don’t work),0 hours (don’t engage in extracurricular activities),Poor (1),Yes,Yes,Yes,No,Yes,Yes,Very Often,Very Often,Very Often,very Often
2025-02-11 22:40:12,2025-02-11 22:48:06,IP Address,100,474,True,2025-02-11 22:48:07,R_6uWJNbJVeDB8B2c,email,EN,I voluntarily consent to participate in this study,Female,NOT a first-generation college student,2.00 – 2.99,Sophomore,"NOT a Science, Technology, Engineering, or Mathematics (STEM) major",Upper Middle Class,16 – 20 hours,7 – 9 hours,0 hours (don’t work),11 – 15 hours,Excellent (5),Yes,Yes,Yes,No,Yes,Yes,Very Often,Very Often,Very Often,very Often
2025-02-11 23:35:16,2025-02-11 23:44:02,IP Address,100,525,True,2025-02-11 23:44:02,R_1fJczWkQDXjLmKj,email,EN,I voluntarily consent to participate in this study,Male,NOT a first-generation college student,3.00 – 4.00,Senior,"a Science, Technology, Engineering, or Mathematics (STEM) major",Middle Class,11 – 15 hours,4 – 6 hours,More than 20 hours,0 hours (don’t engage in extracurricular activities),Okay,Yes,No,No,No,Yes,No,Often,Never,Never,Rarely
2025-02-12 11:06:44,2025-02-12 11:08:43,IP Address,100,119,True,2025-02-12 11:08:44,R_5OcXtz33wGsIj2F,email,EN,I voluntarily consent to participate in this study,Female,a first-generation college student,3.00 – 4.00,Sophomore,"a Science, Technology, Engineering, or Mathematics (STEM) major",Middle Class,1 – 5 hours,4 – 6 hours,0 hours (don’t work),6 – 10 hours,Fair,No,Yes,No,No,No,No,Often,Sometimes,Often,Often
2025-02-13 07:55:16,2025-02-13 08:00:43,IP Address,100,326,True,2025-02-13 08:00:44,R_7KJDPQnEmvjK1Ke,email,EN,I voluntarily consent to participate in this study,Female,NOT a first-generation college student,3.00 – 4.00,Sophomore,"a Science, Technology, Engineering, or Mathematics (STEM) major",Working Class,6 – 10 hours,4 – 6 hours,16 – 20 hours,6 – 10 hours,Good,Yes,Yes,No,No,Yes,Yes,Often,Sometimes,Often,Sometimes
2025-02-13 10:34:01,2025-02-13 10:35:43,IP Address,100,102,True,2025-02-13 10:35:44,R_7BkC0uAm8NqnFDj,email,EN,I voluntarily consent to participate in this study,Female,NOT a first-generation college student,3.00 – 4.00,Freshman,"a Science, Technology, Engineering, or Mathematics (STEM) major",Upper Middle Class,1 – 5 hours,4 – 6 hours,0 hours (don’t work),0 hours (don’t engage in extracurricular activities),Okay,Yes,Yes,Yes,No,Yes,Yes,Very Often,Very Often,Very Often,very Often
2025-02-13 11:04:42,2025-02-13 11:08:55,IP Address,100,253,True,2025-02-13 11:08:56,R_6KHj58Kg0Hhs88K,email,EN,I voluntarily consent to participate in this study,Female,NOT a first-generation college student,3.00 – 4.00,Sophomore,"a Science, Technology, Engineering, or Mathematics (STEM) major",Working Class,11 – 15 hours,1 – 3 hours,6 – 10 hours,1 – 5 hours,Excellent (5),No,No,No,No,No,No,Rarely,Never,,Rarely
2025-02-13 11:40:19,2025-02-13 11:42:52,IP Address,100,152,True,2025-02-13 11:42:53,R_3zvhQPmrf8JL61o,email,EN,I voluntarily consent to participate in this study,Male,a first-generation college student,3.00 – 4.00,Sophomore,"a Science, Technology, Engineering, or Mathematics (STEM) major",Middle Class,16 – 20 hours,4 – 6 hours,6 – 10 hours,11 – 15 hours,Okay,Yes,Yes,Yes,No,Yes,No,Often,Sometimes,Often,Rarely
2025-02-13 13:07:11,2025-02-13 13:07:24,IP Address,100,13,True,2025-02-13 13:07:25,R_5lLa7drXwCIue8R,email,EN,I don't consent to participate in this study,,,,,,,,,,,,,,,,,,,,,
2025-02-13 17:24:20,2025-02-13 17:26:16,IP Address,100,116,True,2025-02-13 17:26:17,R_7I9DHbGt9HRZoGZ,email,EN,I voluntarily consent to participate in this study,Female,a first-generation college student,Don’t know,Senior,"a Science, Technology, Engineering, or Mathematics (STEM) major",Middle Class,11 – 15 hours,4 – 6 hours,More than 20 hours,0 hours (don’t engage in extracurricular activities),Okay,Yes,Yes,No,No,Yes,No,Very Often,Often,Very Often,Sometimes
2025-02-17 12:23:23,2025-02-17 12:27:31,IP Address,100,247,True,2025-02-17 12:27:31,R_5DnzwInGexpzV8N,email,EN,I voluntarily consent to participate in this study,Female,NOT a first-generation college student,3.00 – 4.00,Sophomore,"a Science, Technology, Engineering, or Mathematics (STEM) major",Middle Class,1 – 5 hours,4 – 6 hours,0 hours (don’t work),0 hours (don’t engage in extracurricular activities),Fair,Yes,Yes,Yes,No,No,No,Sometimes,Sometimes,Rarely,Never
2025-02-13 09:10:52,2025-02-17 12:41:38,IP Address,100,358246,True,2025-02-17 12:41:38,R_7QxLxJt4t1vlilH,email,EN,I voluntarily consent to participate in this study,Male,NOT a first-generation college student,3.00 – 4.00,Senior,"a Science, Technology, Engineering, or Mathematics (STEM) major",Middle Class,6 – 10 hours,7 – 9 hours,More than 20 hours,1 – 5 hours,Good,Yes,Yes,No,No,No,No,Sometimes,Rarely,Sometimes,Rarely
2025-02-17 12:45:44,2025-02-17 12:47:44,IP Address,100,120,True,2025-02-17 12:47:44,R_6Lv9LDM9lFA8vYM,email,EN,I voluntarily consent to participate in this study,Female,NOT a first-generation college student,3.00 – 4.00,Sophomore,"a Science, Technology, Engineering, or Mathematics (STEM) major",Middle Class,11 – 15 hours,7 – 9 hours,0 hours (don’t work),1 – 5 hours,Okay,Yes,Yes,No,No,No,No,Often,Sometimes,Sometimes,Sometimes
2025-02-17 16:21:48,2025-02-17 16:28:24,IP Address,100,396,True,2025-02-17 16:28:25,R_64gOHjilQAZe0G5,email,EN,I voluntarily consent to participate in this study,Male,NOT a first-generation college student,3.00 – 4.00,Senior,"a Science, Technology, Engineering, or Mathematics (STEM) major",Wealthy Class,More than 20 hours,7 – 9 hours,6 – 10 hours,1 – 5 hours,Good,Yes,Yes,No,No,Yes,No,Never,Rarely,Never,Never
2025-02-17 19:28:27,2025-02-17 19:31:28,IP Address,100,180,True,2025-02-17 19:31:28,R_1Hu33Ja7Qe9B8dz,email,EN,I voluntarily consent to participate in this study,Female,NOT a first-generation college student,3.00 – 4.00,Sophomore,"NOT a Science, Technology, Engineering, or Mathematics (STEM) major",Middle Class,6 – 10 hours,4 – 6 hours,6 – 10 hours,1 – 5 hours,Excellent (5),Yes,No,No,No,No,No,Sometimes,Sometimes,Sometimes,Rarely
2025-02-11 07:41:40,2025-02-11 07:46:09,IP Address,96,268,False,2025-02-18 07:46:10,R_6k2lSjiJrcBv3nX,email,EN,I voluntarily consent to participate in this study,Male,NOT a first-generation college student,3.00 – 4.00,Junior,"a Science, Technology, Engineering, or Mathematics (STEM) major",Working Class,16 – 20 hours,4 – 6 hours,11 – 15 hours,11 – 15 hours,Excellent (5),Yes,Yes,No,No,No,No,Never,Never,Never,
2025-02-11 09:28:43,2025-02-11 09:32:52,IP Address,96,249,False,2025-02-18 09:32:58,R_1eXbbA0Rl7XRbWA,email,EN,I voluntarily consent to participate in this study,Female,a first-generation college student,3.00 – 4.00,Sophomore,"NOT a Science, Technology, Engineering, or Mathematics (STEM) major",Lower Middle Class,6 – 10 hours,4 – 6 hours,6 – 10 hours,6 – 10 hours,Good,Yes,No,No,No,,No,Often,Sometimes,Rarely,
2025-02-11 09:55:47,2025-02-11 09:58:19,IP Address,83,152,False,2025-02-18 09:58:23,R_54CVCpZp1wzVPsJ,email,EN,I voluntarily consent to participate in this study,Male,NOT a first-generation college student,3.00 – 4.00,Junior,"a Science, Technology, Engineering, or Mathematics (STEM) major",Working Class,11 – 15 hours,7 – 9 hours,0 hours (don’t work),1 – 5 hours,Good,Yes,Yes,No,No,Yes,No,Rarely,,,
2025-02-21 14:53:52,2025-02-21 14:56:03,IP Address,100,131,True,2025-02-21 14:56:03,R_5EpdJ0PCGlKp1HA,email,EN,I voluntarily consent to participate in this study,Female,NOT a first-generation college student,3.00 – 4.00,Senior,"a Science, Technology, Engineering, or Mathematics (STEM) major",Upper Middle Class,6 – 10 hours,4 – 6 hours,6 – 10 hours,1 – 5 hours,Okay,Yes,No,No,No,Yes,No,Very Often,Very Often,Very Often,very Often
2025-02-21 15:02:19,2025-02-21 15:09:26,IP Address,100,426,True,2025-02-21 15:09:26,R_140ZoQFKPA8Rb38,email,EN,I voluntarily consent to participate in this study,Female,NOT a first-generation college student,3.00 – 4.00,Senior,"a Science, Technology, Engineering, or Mathematics (STEM) major",Lower Middle Class,11 – 15 hours,7 – 9 hours,0 hours (don’t work),1 – 5 hours,Okay,Yes,Yes,Yes,No,No,No,Often,Sometimes,Very Often,Rarely
2025-02-21 16:10:03,2025-02-21 16:18:17,IP Address,100,493,True,2025-02-21 16:18:18,R_5USgYKEcR3hiunD,email,EN,I voluntarily consent to participate in this study,Female,a first-generation college student,3.00 – 4.00,Senior,"a Science, Technology, Engineering, or Mathematics (STEM) major",Lower Middle Class,6 – 10 hours,4 – 6 hours,16 – 20 hours,1 – 5 hours,Good,Yes,Yes,No,No,Yes,Yes,Often,Often,Very Often,Often
2025-02-22 16:33:32,2025-02-22 16:35:48,IP Address,100,136,True,2025-02-22 16:35:49,R_141vAqJuShDaGC5,email,EN,I voluntarily consent to participate in this study,Female,a first-generation college student,3.00 – 4.00,Senior,"NOT a Science, Technology, Engineering, or Mathematics (STEM) major",Middle Class,11 – 15 hours,7 – 9 hours,More than 20 hours,11 – 15 hours,Okay,Yes,No,No,No,No,No,Never,Never,Never,Never
2025-02-22 23:59:03,2025-02-23 00:02:24,IP Address,100,201,True,2025-02-23 00:02:25,R_5kc7LMxIibndy0c,email,EN,I voluntarily consent to participate in this study,Male,a first-generation college student,3.00 – 4.00,Junior,"a Science, Technology, Engineering, or Mathematics (STEM) major",Working Class,6 – 10 hours,4 – 6 hours,0 hours (don’t work),0 hours (don’t engage in extracurricular activities),Okay,No,No,Yes,No,Yes,Yes,Sometimes,Sometimes,Never,Rarely
2025-02-23 16:36:59,2025-02-23 16:39:19,IP Address,100,140,True,2025-02-23 16:39:20,R_1MWz3L71hB1tDWm,email,EN,I voluntarily consent to participate in this study,Female,a first-generation college student,3.00 – 4.00,Senior,"NOT a Science, Technology, Engineering, or Mathematics (STEM) major",Middle Class,11 – 15 hours,4 – 6 hours,0 hours (don’t work),1 – 5 hours,Good,Yes,Yes,Yes,No,No,No,Sometimes,Often,Often,Often
2025-02-24 11:17:48,2025-02-24 11:21:33,IP Address,100,225,True,2025-02-24 11:21:33,R_69vW5GtLj9jZcoF,email,EN,I voluntarily consent to participate in this study,Female,NOT a first-generation college student,3.00 – 4.00,Senior,"a Science, Technology, Engineering, or Mathematics (STEM) major",Working Class,6 – 10 hours,4 – 6 hours,6 – 10 hours,1 – 5 hours,Okay,No,Yes,Yes,No,Yes,No,Often,Sometimes,Sometimes,Rarely
2025-02-17 12:25:52,2025-02-17 12:29:34,IP Address,96,221,False,2025-02-24 12:29:35,R_7PI9BTH1s4dET79,email,EN,I voluntarily consent to participate in this study,Female,a first-generation college student,3.00 – 4.00,Freshman,"a Science, Technology, Engineering, or Mathematics (STEM) major",Middle Class,16 – 20 hours,7 – 9 hours,0 hours (don’t work),1 – 5 hours,Excellent (5),Yes,Yes,,No,No,No,Very Often,Very Often,Very Often,
2025-02-25 10:50:38,2025-02-25 10:52:42,IP Address,100,123,True,2025-02-25 10:52:42,R_5PNW1PhYUjyy3y6,email,EN,I voluntarily consent to participate in this study,Female,NOT a first-generation college student,3.00 – 4.00,Freshman,"NOT a Science, Technology, Engineering, or Mathematics (STEM) major",Upper Middle Class,6 – 10 hours,7 – 9 hours,0 hours (don’t work),1 – 5 hours,Good,Yes,No,Yes,No,No,No,Often,Very Often,Often,very Often
2025-02-25 12:08:50,2025-02-25 12:12:16,IP Address,100,205,True,2025-02-25 12:12:17,R_6dNqYElHGANLAIx,email,EN,I voluntarily consent to participate in this study,Prefer not to say,a first-generation college student,Prefer not to say,Freshman,"NOT a Science, Technology, Engineering, or Mathematics (STEM) major",Middle Class,1 – 5 hours,4 – 6 hours,0 hours (don’t work),0 hours (don’t engage in extracurricular activities),Okay,Yes,Yes,No,No,No,No,Rarely,Never,Never,Never
2025-02-26 11:42:24,2025-02-26 11:54:40,IP Address,100,736,True,2025-02-26 11:54:41,R_21aOKtuDW3Z6aIf,email,EN,I voluntarily consent to participate in this study,Female,NOT a first-generation college student,2.00 – 2.99,Sophomore,"NOT a Science, Technology, Engineering, or Mathematics (STEM) major",Lower Middle Class,11 – 15 hours,4 – 6 hours,More than 20 hours,1 – 5 hours,Fair,No,Yes,Yes,No,No,Yes,Rarely,Rarely,Never,Rarely
2025-02-23 12:37:30,2025-02-23 12:38:56,IP Address,65,85,False,2025-03-02 12:38:59,R_6onYm5owlGHcbgR,email,EN,I voluntarily consent to participate in this study,Female,NOT a first-generation college student,3.00 – 4.00,Junior,"a Science, Technology, Engineering, or Mathematics (STEM) major",Middle Class,1 – 5 hours,4 – 6 hours,1 – 5 hours,6 – 10 hours,Okay,Yes,Yes,Yes,,,,,,,
2025-02-23 13:05:41,2025-02-23 13:09:44,IP Address,65,243,False,2025-03-02 13:09:46,R_5rdObwulhcR1ffH,email,EN,I voluntarily consent to participate in this study,Female,NOT a first-generation college student,Prefer not to say,Senior,"a Science, Technology, Engineering, or Mathematics (STEM) major",Middle Class,More than 20 hours,7 – 9 hours,More than 20 hours,0 hours (don’t engage in extracurricular activities),Good,No,No,,,,,,,,
2025-03-03 12:37:17,2025-03-03 12:41:35,IP Address,100,258,True,2025-03-03 12:41:36,R_3o0c6biYnVVBMLu,email,EN,I voluntarily consent to participate in this study,Female,a first-generation college student,2.00 – 2.99,Sophomore,"a Science, Technology, Engineering, or Mathematics (STEM) major",Upper Middle Class,1 – 5 hours,4 – 6 hours,11 – 15 hours,1 – 5 hours,Good,Yes,Yes,Yes,No,Yes,No,Sometimes,Rarely,Sometimes,Never
2025-02-26 13:35:35,2025-02-26 13:36:01,IP Address,9,26,False,2025-03-05 13:36:06,R_5rc5c3O8Gokk3tD,email,EN,I voluntarily consent to participate in this study,,,,,,,,,,,,,,,,,,,,,
2025-03-12 09:07:07,2025-03-12 09:09:43,IP Address,100,156,True,2025-03-12 09:09:44,R_2lKKQgqbaBXBABz,anonymous,EN,I voluntarily consent to participate in this study,Male,NOT a first-generation college student,3.00 – 4.00,Sophomore,"a Science, Technology, Engineering, or Mathematics (STEM) major",Upper Middle Class,11 – 15 hours,7 – 9 hours,0 hours (don’t work),0 hours (don’t engage in extracurricular activities),Okay,Yes,Yes,Yes,No,Yes,Yes,Very Often,Often,Sometimes,very Often
2025-03-12 11:31:56,2025-03-12 11:34:17,IP Address,100,141,True,2025-03-12 11:34:17,R_3QCAtDXNAhjajVT,email,EN,I voluntarily consent to participate in this study,Female,NOT a first-generation college student,3.00 – 4.00,Sophomore,"NOT a Science, Technology, Engineering, or Mathematics (STEM) major",Middle Class,11 – 15 hours,4 – 6 hours,0 hours (don’t work),11 – 15 hours,Okay,Yes,Yes,Yes,No,Yes,Yes,Very Often,Very Often,Very Often,Often
2025-03-12 11:49:18,2025-03-12 11:52:01,IP Address,100,163,True,2025-03-12 11:52:02,R_6d4Z03thLUiDc53,email,EN,I voluntarily consent to participate in this study,Female,NOT a first-generation college student,3.00 – 4.00,Freshman,"a Science, Technology, Engineering, or Mathematics (STEM) major",Middle Class,More than 20 hours,4 – 6 hours,6 – 10 hours,11 – 15 hours,Excellent (5),Yes,Yes,Yes,No,No,No,Very Often,Sometimes,Never,Never
2025-03-12 12:57:02,2025-03-12 13:01:21,IP Address,100,259,True,2025-03-12 13:01:22,R_1XapyvAjS9gF6iY,email,EN,I voluntarily consent to participate in this study,Female,NOT a first-generation college student,3.00 – 4.00,Senior,"a Science, Technology, Engineering, or Mathematics (STEM) major",Upper Middle Class,More than 20 hours,4 – 6 hours,16 – 20 hours,11 – 15 hours,Excellent (5),Yes,No,Yes,No,Yes,No,Sometimes,Sometimes,Sometimes,Rarely
2025-03-12 21:20:46,2025-03-12 21:23:06,IP Address,100,139,True,2025-03-12 21:23:06,R_3P7AjYbq4v5fr0J,anonymous,EN,I voluntarily consent to participate in this study,Female,a first-generation college student,3.00 – 4.00,Senior,"NOT a Science, Technology, Engineering, or Mathematics (STEM) major",Middle Class,6 – 10 hours,7 – 9 hours,0 hours (don’t work),1 – 5 hours,Okay,Yes,Yes,No,No,No,No,Rarely,Never,Never,Rarely
2025-03-13 13:06:12,2025-03-13 13:08:12,IP Address,100,119,True,2025-03-13 13:08:13,R_7vZbXThfKS3F9Fm,qr,EN,I voluntarily consent to participate in this study,Male,NOT a first-generation college student,3.00 – 4.00,Senior,"a Science, Technology, Engineering, or Mathematics (STEM) major",Middle Class,6 – 10 hours,4 – 6 hours,6 – 10 hours,11 – 15 hours,Poor (1),Yes,No,No,No,Yes,No,Often,Often,Sometimes,Sometimes
2025-03-13 13:08:37,2025-03-13 13:11:57,IP Address,100,199,True,2025-03-13 13:11:57,R_3OZcLA4t9jHpS1P,qr,EN,I voluntarily consent to participate in this study,Female,a first-generation college student,3.00 – 4.00,Senior,"a Science, Technology, Engineering, or Mathematics (STEM) major",Middle Class,6 – 10 hours,4 – 6 hours,6 – 10 hours,0 hours (don’t engage in extracurricular activities),Poor (1),Yes,No,No,No,Yes,Yes,Very Often,Very Often,Very Often,very Often
2025-03-13 13:15:43,2025-03-13 13:18:48,IP Address,100,185,True,2025-03-13 13:18:49,R_1FequJBsEHFGcku,qr,EN,I voluntarily consent to participate in this study,Female,NOT a first-generation college student,3.00 – 4.00,Sophomore,"a Science, Technology, Engineering, or Mathematics (STEM) major",Middle Class,1 – 5 hours,4 – 6 hours,6 – 10 hours,6 – 10 hours,Fair,Yes,Yes,Yes,Yes,Yes,Yes,Often,Sometimes,Often,Often
2025-03-13 13:24:49,2025-03-13 13:27:01,IP Address,100,131,True,2025-03-13 13:27:01,R_6n2Wip5Ry6LA08m,qr,EN,I voluntarily consent to participate in this study,Male,NOT a first-generation college student,3.00 – 4.00,Freshman,"a Science, Technology, Engineering, or Mathematics (STEM) major",Upper Middle Class,16 – 20 hours,7 – 9 hours,1 – 5 hours,1 – 5 hours,Okay,Yes,Yes,Yes,No,Yes,Yes,Often,Often,Often,Often
2025-03-13 13:24:03,2025-03-13 13:27:37,IP Address,100,213,True,2025-03-13 13:27:38,R_1XaK7EDdV6sDzMF,qr,EN,I voluntarily consent to participate in this study,Female,NOT a first-generation college student,3.00 – 4.00,Junior,"a Science, Technology, Engineering, or Mathematics (STEM) major",Middle Class,6 – 10 hours,7 – 9 hours,0 hours (don’t work),1 – 5 hours,Okay,No,Yes,Yes,No,No,Yes,Often,Sometimes,Sometimes,Often
2025-03-13 13:26:56,2025-03-13 13:29:06,IP Address,100,130,True,2025-03-13 13:29:07,R_6qTjKn645z5LaQp,qr,EN,I voluntarily consent to participate in this study,Male,NOT a first-generation college student,3.00 – 4.00,Sophomore,"NOT a Science, Technology, Engineering, or Mathematics (STEM) major",Upper Middle Class,1 – 5 hours,4 – 6 hours,More than 20 hours,6 – 10 hours,Good,Yes,Yes,Yes,No,No,Yes,Very Often,Sometimes,Sometimes,Sometimes
2025-03-13 13:28:49,2025-03-13 13:30:35,IP Address,100,105,True,2025-03-13 13:30:35,R_3jU6UE0F5iPNjid,qr,EN,I voluntarily consent to participate in this study,Female,a first-generation college student,3.00 – 4.00,Senior,"NOT a Science, Technology, Engineering, or Mathematics (STEM) major",Middle Class,1 – 5 hours,7 – 9 hours,16 – 20 hours,6 – 10 hours,Good,Yes,No,No,No,No,No,Often,Often,Very Often,Often
2025-03-13 13:31:19,2025-03-13 13:38:46,IP Address,100,446,True,2025-03-13 13:38:46,R_5IQ5IuCZQLgl28m,qr,EN,I voluntarily consent to participate in this study,Male,NOT a first-generation college student,3.00 – 4.00,Senior,"a Science, Technology, Engineering, or Mathematics (STEM) major",Middle Class,1 – 5 hours,7 – 9 hours,0 hours (don’t work),0 hours (don’t engage in extracurricular activities),Fair,Yes,Yes,No,No,Yes,Yes,Rarely,Very Often,Often,Often
2025-03-13 13:36:14,2025-03-13 13:40:43,IP Address,100,268,True,2025-03-13 13:40:43,R_14q5aFiQF0ZXPPP,qr,EN,I voluntarily consent to participate in this study,Male,NOT a first-generation college student,3.00 – 4.00,Freshman,"a Science, Technology, Engineering, or Mathematics (STEM) major",Middle Class,1 – 5 hours,7 – 9 hours,0 hours (don’t work),6 – 10 hours,Good,Yes,Yes,Yes,No,No,No,Often,Never,Never,Rarely
2025-03-13 14:23:46,2025-03-13 14:25:53,IP Address,100,127,True,2025-03-13 14:25:53,R_7FmhVOxMrWLROi9,qr,EN,I voluntarily consent to participate in this study,Female,NOT a first-generation college student,2.00 – 2.99,Junior,"a Science, Technology, Engineering, or Mathematics (STEM) major",Middle Class,1 – 5 hours,7 – 9 hours,0 hours (don’t work),0 hours (don’t engage in extracurricular activities),Poor (1),Yes,No,No,No,No,No,Never,Often,Often,Often
2025-03-06 14:37:52,2025-03-06 14:38:25,IP Address,17,32,False,2025-03-13 15:38:29,R_7vRNSD7ZQXpBbR7,email,EN,I voluntarily consent to participate in this study,Female,NOT a first-generation college student,,,,,,,,,,,,,,,,,,,
2025-03-14 15:20:33,2025-03-14 15:22:24,IP Address,100,111,True,2025-03-14 15:22:25,R_1V8hSWM95BHXFPg,qr,EN,I voluntarily consent to participate in this study,Female,a first-generation college student,3.00 – 4.00,Freshman,"a Science, Technology, Engineering, or Mathematics (STEM) major",Working Class,16 – 20 hours,4 – 6 hours,0 hours (don’t work),1 – 5 hours,Fair,Yes,Yes,Yes,No,No,No,Very Often,Often,Often,Often
2025-03-14 15:21:24,2025-03-14 15:24:17,IP Address,100,173,True,2025-03-14 15:24:18,R_2BMuvkNOeWzsOC5,qr,EN,I voluntarily consent to participate in this study,Female,a first-generation college student,3.00 – 4.00,Freshman,"a Science, Technology, Engineering, or Mathematics (STEM) major",Working Class,More than 20 hours,4 – 6 hours,0 hours (don’t work),0 hours (don’t engage in extracurricular activities),Poor (1),No,No,No,No,No,No,Often,Rarely,Often,Sometimes
2025-03-14 15:24:52,2025-03-14 15:29:41,IP Address,100,288,True,2025-03-14 15:29:41,R_3LMedw0Cfi2Rx0m,qr,EN,I voluntarily consent to participate in this study,Male,NOT a first-generation college student,2.00 – 2.99,Senior,"a Science, Technology, Engineering, or Mathematics (STEM) major",Middle Class,6 – 10 hours,4 – 6 hours,More than 20 hours,16 – 20 hours,Fair,Yes,Yes,Yes,No,No,Yes,Often,Sometimes,Sometimes,Often
2025-03-14 15:29:42,2025-03-14 15:30:46,IP Address,100,63,True,2025-03-14 15:30:46,R_7Pdr9eRsZGcA68R,qr,EN,I voluntarily consent to participate in this study,Female,NOT a first-generation college student,3.00 – 4.00,Sophomore,,Lower Middle Class,6 – 10 hours,4 – 6 hours,11 – 15 hours,1 – 5 hours,Fair,No,No,Yes,Yes,No,Yes,Often,Sometimes,Rarely,very Often
2025-03-14 15:33:05,2025-03-14 15:34:20,IP Address,100,75,True,2025-03-14 15:34:21,R_52RLZAJkMm0QYVP,qr,EN,I voluntarily consent to participate in this study,Female,NOT a first-generation college student,3.00 – 4.00,Freshman,"a Science, Technology, Engineering, or Mathematics (STEM) major",Middle Class,6 – 10 hours,7 – 9 hours,0 hours (don’t work),1 – 5 hours,Good,Yes,Yes,Yes,No,No,No,Rarely,Rarely,Never,Never
2025-03-14 18:18:08,2025-03-14 18:22:19,IP Address,100,251,True,2025-03-14 18:22:20,R_6gpum038bpjCl81,qr,EN,I voluntarily consent to participate in this study,Male,NOT a first-generation college student,3.00 – 4.00,Junior,"a Science, Technology, Engineering, or Mathematics (STEM) major",Middle Class,6 – 10 hours,4 – 6 hours,0 hours (don’t work),1 – 5 hours,Okay,Yes,Yes,Yes,No,Yes,No,Often,Rarely,Sometimes,Sometimes
2025-03-14 18:45:47,2025-03-14 18:48:09,IP Address,100,141,True,2025-03-14 18:48:09,R_7Jzmc3pmpXXLZsG,anonymous,EN,I voluntarily consent to participate in this study,Male,a first-generation college student,3.00 – 4.00,Freshman,"a Science, Technology, Engineering, or Mathematics (STEM) major",Working Class,6 – 10 hours,4 – 6 hours,0 hours (don’t work),1 – 5 hours,Okay,Yes,,Yes,No,No,No,Rarely,Rarely,Never,Never
2025-03-14 22:58:41,2025-03-14 23:00:58,IP Address,100,137,True,2025-03-14 23:00:58,R_7gF6yKpOCGiWIKJ,qr,EN,I voluntarily consent to participate in this study,Female,NOT a first-generation college student,3.00 – 4.00,Junior,"NOT a Science, Technology, Engineering, or Mathematics (STEM) major",Upper Middle Class,11 – 15 hours,4 – 6 hours,0 hours (don’t work),6 – 10 hours,Poor (1),Yes,Yes,Yes,No,Yes,Yes,Very Often,Often,Often,Often
2025-03-15 13:38:28,2025-03-15 13:45:05,IP Address,100,397,True,2025-03-15 13:45:06,R_7VfJi0UzZV69NoB,email,EN,I voluntarily consent to participate in this study,Female,a first-generation college student,2.00 – 2.99,Sophomore,"NOT a Science, Technology, Engineering, or Mathematics (STEM) major",Working Class,6 – 10 hours,4 – 6 hours,More than 20 hours,1 – 5 hours,Poor (1),Yes,Yes,No,No,No,No,Never,Never,Never,Never
2025-03-15 16:55:17,2025-03-15 16:58:31,IP Address,100,194,True,2025-03-15 16:58:32,R_5dYLBo6Cv5vjGFO,anonymous,EN,I voluntarily consent to participate in this study,Male,a first-generation college student,3.00 – 4.00,Senior,"a Science, Technology, Engineering, or Mathematics (STEM) major",Middle Class,6 – 10 hours,4 – 6 hours,0 hours (don’t work),6 – 10 hours,Good,Yes,Yes,No,No,No,Yes,Rarely,Sometimes,Sometimes,Rarely
2025-03-18 12:35:54,2025-03-18 12:38:08,IP Address,100,134,True,2025-03-18 12:38:08,R_3PFkKitmGOBYxup,anonymous,EN,I voluntarily consent to participate in this study,Female,NOT a first-generation college student,3.00 – 4.00,Junior,"a Science, Technology, Engineering, or Mathematics (STEM) major",Working Class,16 – 20 hours,7 – 9 hours,11 – 15 hours,1 – 5 hours,Okay,Yes,No,No,No,No,No,Sometimes,Sometimes,Rarely,Sometimes
2025-03-18 13:44:36,2025-03-18 13:44:53,IP Address,100,16,True,2025-03-18 13:44:53,R_5zh2zRXgtVjuWdz,anonymous,EN,I don't consent to participate in this study,,,,,,,,,,,,,,,,,,,,,
2025-03-18 13:44:40,2025-03-18 13:44:54,IP Address,100,14,True,2025-03-18 13:44:55,R_5eg0mBwGf9jvh2A,anonymous,EN,I don't consent to participate in this study,,,,,,,,,,,,,,,,,,,,,
2025-03-18 13:44:41,2025-03-18 13:45:17,IP Address,100,35,True,2025-03-18 13:45:18,R_5V7UC44J627XQ3j,anonymous,EN,I don't consent to participate in this study,,,,,,,,,,,,,,,,,,,,,
2025-03-18 13:44:30,2025-03-18 13:46:06,IP Address,100,96,True,2025-03-18 13:46:06,R_6DgPNUmZXsYnO01,anonymous,EN,I voluntarily consent to participate in this study,Female,a first-generation college student,3.00 – 4.00,Freshman,"a Science, Technology, Engineering, or Mathematics (STEM) major",Middle Class,16 – 20 hours,4 – 6 hours,1 – 5 hours,6 – 10 hours,Okay,Yes,Yes,No,No,No,No,Sometimes,Rarely,Never,Never
2025-03-18 13:44:24,2025-03-18 13:46:16,IP Address,100,112,True,2025-03-18 13:46:17,R_5qPYAM0znWcvviQ,anonymous,EN,I voluntarily consent to participate in this study,Female,NOT a first-generation college student,3.00 – 4.00,Freshman,"NOT a Science, Technology, Engineering, or Mathematics (STEM) major",Upper Middle Class,1 – 5 hours,4 – 6 hours,0 hours (don’t work),1 – 5 hours,Fair,Yes,Yes,Yes,No,Yes,Yes,Often,Often,Often,Sometimes
2025-03-18 13:44:35,2025-03-18 13:46:26,IP Address,100,111,True,2025-03-18 13:46:27,R_5hRvGCjBJn7CyTc,anonymous,EN,I voluntarily consent to participate in this study,Male,NOT a first-generation college student,3.00 – 4.00,Freshman,"a Science, Technology, Engineering, or Mathematics (STEM) major",Middle Class,1 – 5 hours,1 – 3 hours,0 hours (don’t work),0 hours (don’t engage in extracurricular activities),Fair,Yes,Yes,No,No,No,No,Often,Often,Sometimes,Rarely
2025-03-18 13:44:45,2025-03-18 13:46:31,IP Address,100,105,True,2025-03-18 13:46:31,R_5XVhg2t8G0Vqt7H,anonymous,EN,I voluntarily consent to participate in this study,Male,a first-generation college student,3.00 – 4.00,Freshman,"a Science, Technology, Engineering, or Mathematics (STEM) major",Lower Middle Class,6 – 10 hours,4 – 6 hours,0 hours (don’t work),1 – 5 hours,Good,Yes,No,No,No,No,No,Rarely,Never,Never,Never
2025-03-18 13:44:40,2025-03-18 13:46:35,IP Address,100,114,True,2025-03-18 13:46:36,R_5ltnEPT9sHGGVu3,anonymous,EN,I voluntarily consent to participate in this study,Male,NOT a first-generation college student,3.00 – 4.00,Junior,"a Science, Technology, Engineering, or Mathematics (STEM) major",Upper Middle Class,6 – 10 hours,4 – 6 hours,0 hours (don’t work),0 hours (don’t engage in extracurricular activities),Fair,Yes,No,No,No,No,No,Very Often,Very Often,Very Often,very Often
2025-03-18 13:44:42,2025-03-18 13:46:41,IP Address,100,119,True,2025-03-18 13:46:42,R_5DUdqZcj6CiNzLn,anonymous,EN,I voluntarily consent to participate in this study,Male,NOT a first-generation college student,3.00 – 4.00,Freshman,"a Science, Technology, Engineering, or Mathematics (STEM) major",Middle Class,6 – 10 hours,7 – 9 hours,11 – 15 hours,1 – 5 hours,Good,Yes,Yes,No,No,No,No,Never,Never,Rarely,Sometimes
2025-03-18 13:44:24,2025-03-18 13:46:49,IP Address,100,144,True,2025-03-18 13:46:49,R_6AECPYuyGWHg50v,anonymous,EN,I voluntarily consent to participate in this study,Female,NOT a first-generation college student,3.00 – 4.00,Freshman,"a Science, Technology, Engineering, or Mathematics (STEM) major",Middle Class,1 – 5 hours,4 – 6 hours,0 hours (don’t work),1 – 5 hours,Okay,Yes,Yes,No,No,No,No,Never,Rarely,Never,Never
2025-03-18 13:44:26,2025-03-18 13:46:49,IP Address,100,143,True,2025-03-18 13:46:50,R_65TsVOVD1idG9Q0,anonymous,EN,I voluntarily consent to participate in this study,Male,NOT a first-generation college student,3.00 – 4.00,Freshman,"a Science, Technology, Engineering, or Mathematics (STEM) major",Middle Class,11 – 15 hours,4 – 6 hours,0 hours (don’t work),1 – 5 hours,Good,Yes,Yes,No,No,No,Yes,Never,Often,Sometimes,Often
2025-03-18 13:45:12,2025-03-18 13:47:03,IP Address,100,110,True,2025-03-18 13:47:03,R_5E5viOBM9wsX10A,anonymous,EN,I voluntarily consent to participate in this study,Female,NOT a first-generation college student,3.00 – 4.00,Freshman,"a Science, Technology, Engineering, or Mathematics (STEM) major",Upper Middle Class,6 – 10 hours,7 – 9 hours,0 hours (don’t work),1 – 5 hours,Okay,Yes,Yes,No,No,No,No,Never,Never,Never,Never
2025-03-18 13:44:25,2025-03-18 13:47:08,IP Address,100,163,True,2025-03-18 13:47:09,R_5JlAxElunxdiVN1,anonymous,EN,I voluntarily consent to participate in this study,Female,NOT a first-generation college student,3.00 – 4.00,Freshman,"a Science, Technology, Engineering, or Mathematics (STEM) major",Lower Middle Class,6 – 10 hours,4 – 6 hours,0 hours (don’t work),1 – 5 hours,Okay,Yes,Yes,No,No,No,No,Sometimes,Never,Never,Never
2025-03-18 13:44:33,2025-03-18 13:47:12,IP Address,100,159,True,2025-03-18 13:47:13,R_5je2ywNGckEGblk,anonymous,EN,I voluntarily consent to participate in this study,Female,NOT a first-generation college student,Prefer not to say,Junior,"a Science, Technology, Engineering, or Mathematics (STEM) major",Middle Class,1 – 5 hours,4 – 6 hours,0 hours (don’t work),1 – 5 hours,Fair,Yes,Yes,No,No,No,No,Rarely,Rarely,Rarely,Rarely
2025-03-18 13:44:36,2025-03-18 13:47:14,IP Address,100,158,True,2025-03-18 13:47:15,R_5mirPTDbuVzwkhj,anonymous,EN,I voluntarily consent to participate in this study,Female,a first-generation college student,Don’t know,Sophomore,"a Science, Technology, Engineering, or Mathematics (STEM) major",Middle Class,More than 20 hours,4 – 6 hours,More than 20 hours,0 hours (don’t engage in extracurricular activities),Excellent (5),Yes,No,No,No,No,No,Never,Never,Never,Never
2025-03-18 13:44:37,2025-03-18 13:47:22,IP Address,100,164,True,2025-03-18 13:47:22,R_5jZZLYWIlvuUHBm,anonymous,EN,I voluntarily consent to participate in this study,Male,NOT a first-generation college student,3.00 – 4.00,Sophomore,"a Science, Technology, Engineering, or Mathematics (STEM) major",Middle Class,1 – 5 hours,7 – 9 hours,0 hours (don’t work),11 – 15 hours,Okay,No,No,Yes,No,Yes,Yes,Very Often,Sometimes,Sometimes,Often
2025-03-18 13:45:48,2025-03-18 13:47:36,IP Address,100,107,True,2025-03-18 13:47:36,R_308FA7ARVturh7y,anonymous,EN,I voluntarily consent to participate in this study,Female,NOT a first-generation college student,3.00 – 4.00,Freshman,"a Science, Technology, Engineering, or Mathematics (STEM) major",Middle Class,16 – 20 hours,4 – 6 hours,0 hours (don’t work),1 – 5 hours,Good,Yes,Yes,No,No,No,No,Sometimes,Sometimes,Sometimes,Sometimes
2025-03-18 13:45:23,2025-03-18 13:48:10,IP Address,100,166,True,2025-03-18 13:48:10,R_67oKv6DurO1I89j,anonymous,EN,I voluntarily consent to participate in this study,Female,NOT a first-generation college student,3.00 – 4.00,Freshman,"a Science, Technology, Engineering, or Mathematics (STEM) major",Middle Class,11 – 15 hours,4 – 6 hours,0 hours (don’t work),1 – 5 hours,Poor (1),Yes,Yes,No,No,No,No,Never,Never,Never,Never
2025-03-18 13:45:18,2025-03-18 13:48:22,IP Address,100,183,True,2025-03-18 13:48:22,R_5siBbxU5AIcWMRb,anonymous,EN,I voluntarily consent to participate in this study,Male,NOT a first-generation college student,3.00 – 4.00,Freshman,"a Science, Technology, Engineering, or Mathematics (STEM) major",Lower Middle Class,6 – 10 hours,4 – 6 hours,0 hours (don’t work),6 – 10 hours,Fair,Yes,Yes,No,No,No,No,Rarely,Never,Rarely,Never
2025-03-18 13:44:39,2025-03-18 13:48:37,IP Address,100,238,True,2025-03-18 13:48:38,R_5s71sih8h1lRwMd,anonymous,EN,I voluntarily consent to participate in this study,Male,a first-generation college student,3.00 – 4.00,Sophomore,"a Science, Technology, Engineering, or Mathematics (STEM) major",Middle Class,11 – 15 hours,4 – 6 hours,0 hours (don’t work),6 – 10 hours,Good,Yes,Yes,No,No,No,No,Sometimes,Rarely,Rarely,
2025-03-18 13:46:35,2025-03-18 13:49:45,IP Address,100,190,True,2025-03-18 13:49:45,R_3jfRbDIFK9W3YFa,anonymous,EN,I voluntarily consent to participate in this study,Male,NOT a first-generation college student,2.00 – 2.99,Freshman,"a Science, Technology, Engineering, or Mathematics (STEM) major",Lower Middle Class,6 – 10 hours,7 – 9 hours,0 hours (don’t work),1 – 5 hours,Good,Yes,Yes,No,No,No,No,Never,Never,Never,Never
2025-03-19 11:29:54,2025-03-19 11:32:29,IP Address,100,155,True,2025-03-19 11:32:30,R_5MAxvsMx8U8C7og,email,EN,I voluntarily consent to participate in this study,Female,a first-generation college student,3.00 – 4.00,Senior,"a Science, Technology, Engineering, or Mathematics (STEM) major",Working Class,11 – 15 hours,4 – 6 hours,More than 20 hours,1 – 5 hours,Okay,Yes,Yes,No,No,Yes,No,Often,Sometimes,Often,Sometimes
2025-03-19 11:37:27,2025-03-19 11:40:09,IP Address,100,162,True,2025-03-19 11:40:10,R_5rAjRRtin2Xpa2a,email,EN,I voluntarily consent to participate in this study,Female,a first-generation college student,3.00 – 4.00,Junior,"a Science, Technology, Engineering, or Mathematics (STEM) major",Middle Class,11 – 15 hours,7 – 9 hours,More than 20 hours,0 hours (don’t engage in extracurricular activities),Excellent (5),Yes,Yes,No,No,Yes,No,Sometimes,Sometimes,Often,Rarely
2025-03-19 11:37:13,2025-03-19 11:41:12,IP Address,100,238,True,2025-03-19 11:41:12,R_3NXHFyTgmKvNocx,email,EN,I voluntarily consent to participate in this study,Female,a first-generation college student,3.00 – 4.00,Senior,"a Science, Technology, Engineering, or Mathematics (STEM) major",Working Class,1 – 5 hours,4 – 6 hours,6 – 10 hours,0 hours (don’t engage in extracurricular activities),Okay,Yes,No,Yes,Yes,Yes,Yes,Very Often,Sometimes,Often,Rarely
2025-03-19 12:17:46,2025-03-19 12:22:25,IP Address,100,278,True,2025-03-19 12:22:25,R_700nRnx2ROausHW,email,EN,I voluntarily consent to participate in this study,Female,NOT a first-generation college student,3.00 – 4.00,Sophomore,"a Science, Technology, Engineering, or Mathematics (STEM) major",Upper Middle Class,6 – 10 hours,4 – 6 hours,16 – 20 hours,1 – 5 hours,Good,Yes,Yes,No,No,Yes,No,Often,Often,Sometimes,Often
2025-03-19 14:12:09,2025-03-19 14:13:45,IP Address,100,96,True,2025-03-19 14:13:46,R_6oFWa9L7sfiHtOT,qr,EN,I voluntarily consent to participate in this study,Female,a first-generation college student,3.00 – 4.00,Freshman,"a Science, Technology, Engineering, or Mathematics (STEM) major",Middle Class,16 – 20 hours,4 – 6 hours,0 hours (don’t work),6 – 10 hours,Good,Yes,Yes,Yes,No,No,No,Often,Rarely,Sometimes,Rarely
2025-03-19 14:14:18,2025-03-19 14:16:53,IP Address,100,154,True,2025-03-19 14:16:53,R_7tleEmDqICSORyV,qr,EN,I voluntarily consent to participate in this study,Male,NOT a first-generation college student,3.00 – 4.00,Junior,"a Science, Technology, Engineering, or Mathematics (STEM) major",Middle Class,6 – 10 hours,4 – 6 hours,0 hours (don’t work),11 – 15 hours,Okay,Yes,Yes,Yes,No,No,No,Sometimes,Rarely,Sometimes,Rarely
2025-03-19 14:14:22,2025-03-19 14:17:05,IP Address,100,162,True,2025-03-19 14:17:05,R_5PjqLb9WdBX8VjK,qr,EN,I voluntarily consent to participate in this study,Male,a first-generation college student,3.00 – 4.00,Sophomore,"a Science, Technology, Engineering, or Mathematics (STEM) major",Lower Middle Class,6 – 10 hours,4 – 6 hours,0 hours (don’t work),6 – 10 hours,Okay,Yes,Yes,Yes,No,Yes,Yes,Rarely,Sometimes,Sometimes,Sometimes
2025-03-19 14:18:10,2025-03-19 14:20:56,IP Address,100,166,True,2025-03-19 14:20:57,R_3Qs1JrpKrvzvRMM,qr,EN,I voluntarily consent to participate in this study,Male,NOT a first-generation college student,3.00 – 4.00,Junior,"a Science, Technology, Engineering, or Mathematics (STEM) major",Middle Class,6 – 10 hours,7 – 9 hours,0 hours (don’t work),More than 20 hours,Okay,Yes,Yes,Yes,Yes,Yes,Yes,Very Often,Very Often,Often,Often
2025-03-19 14:18:46,2025-03-19 14:22:45,IP Address,100,239,True,2025-03-19 14:22:46,R_3zZMxGrufA9Zuhk,qr,EN,I voluntarily consent to participate in this study,Female,NOT a first-generation college student,2.00 – 2.99,Sophomore,"a Science, Technology, Engineering, or Mathematics (STEM) major",Lower Middle Class,11 – 15 hours,4 – 6 hours,0 hours (don’t work),1 – 5 hours,Okay,No,Yes,Yes,No,No,Yes,Very Often,Very Often,Very Often,Often
2025-03-19 14:23:50,2025-03-19 14:25:45,IP Address,100,114,True,2025-03-19 14:25:46,R_69brIjSsuEaZyUW,qr,EN,I voluntarily consent to participate in this study,Female,a first-generation college student,3.00 – 4.00,Senior,"NOT a Science, Technology, Engineering, or Mathematics (STEM) major",Middle Class,6 – 10 hours,4 – 6 hours,11 – 15 hours,1 – 5 hours,Fair,Yes,Yes,Yes,Yes,No,Yes,Sometimes,Sometimes,Often,Sometimes
2025-03-19 14:32:07,2025-03-19 14:33:28,IP Address,100,81,True,2025-03-19 14:33:29,R_6zDagUSOsWdtsbH,qr,EN,I voluntarily consent to participate in this study,Female,NOT a first-generation college student,3.00 – 4.00,Junior,"NOT a Science, Technology, Engineering, or Mathematics (STEM) major",Lower Middle Class,6 – 10 hours,4 – 6 hours,16 – 20 hours,More than 20 hours,Excellent (5),Yes,No,No,No,No,No,Very Often,Very Often,Very Often,Sometimes
2025-03-19 14:32:39,2025-03-19 14:35:15,IP Address,100,156,True,2025-03-19 14:35:15,R_7h9IfJpArphgxNG,qr,EN,I voluntarily consent to participate in this study,Male,NOT a first-generation college student,3.00 – 4.00,Freshman,"NOT a Science, Technology, Engineering, or Mathematics (STEM) major",Upper Middle Class,11 – 15 hours,4 – 6 hours,0 hours (don’t work),1 – 5 hours,Okay,Yes,No,Yes,No,No,Yes,Very Often,Sometimes,Often,very Often
2025-03-19 14:39:05,2025-03-19 14:40:47,IP Address,100,101,True,2025-03-19 14:40:47,R_1giKftWW7NABdf3,qr,EN,I voluntarily consent to participate in this study,Female,NOT a first-generation college student,3.00 – 4.00,Senior,"NOT a Science, Technology, Engineering, or Mathematics (STEM) major",Middle Class,1 – 5 hours,7 – 9 hours,16 – 20 hours,1 – 5 hours,Good,Yes,Yes,Yes,No,Yes,No,Very Often,Very Often,Very Often,very Often
2025-03-19 15:00:18,2025-03-19 15:02:18,IP Address,100,119,True,2025-03-19 15:02:19,R_54fd1wZk0rj3ORX,email,EN,I voluntarily consent to participate in this study,Female,a first-generation college student,3.00 – 4.00,Junior,"NOT a Science, Technology, Engineering, or Mathematics (STEM) major",Lower Middle Class,11 – 15 hours,1 – 3 hours,0 hours (don’t work),0 hours (don’t engage in extracurricular activities),Good,Yes,No,No,No,No,No,Never,Sometimes,Often,Often
2025-03-13 13:07:32,2025-03-13 13:08:59,IP Address,52,86,False,2025-03-20 13:09:05,R_1QJ7fA1qbQ4efWV,qr,EN,I voluntarily consent to participate in this study,Female,NOT a first-generation college student,3.00 – 4.00,Senior,"NOT a Science, Technology, Engineering, or Mathematics (STEM) major",Middle Class,6 – 10 hours,4 – 6 hours,0 hours (don’t work),0 hours (don’t engage in extracurricular activities),,,,,,,,,,,
2025-03-13 13:32:17,2025-03-13 13:33:42,IP Address,48,85,False,2025-03-20 13:33:49,R_6P7hrKTfdauhew4,qr,EN,I voluntarily consent to participate in this study,Male,a first-generation college student,3.00 – 4.00,Sophomore,"a Science, Technology, Engineering, or Mathematics (STEM) major",Middle Class,1 – 5 hours,4 – 6 hours,1 – 5 hours,,,,,,,,,,,,
2025-03-21 13:29:26,2025-03-21 13:29:35,IP Address,100,9,True,2025-03-21 13:29:36,R_14FScNIE759VQrn,qr,EN,I don't consent to participate in this study,,,,,,,,,,,,,,,,,,,,,
2025-03-21 13:33:31,2025-03-21 13:33:38,IP Address,100,7,True,2025-03-21 13:33:39,R_7Po3QwTc8md8kba,qr,EN,I don't consent to participate in this study,,,,,,,,,,,,,,,,,,,,,
2025-03-21 13:31:54,2025-03-21 13:35:33,IP Address,100,218,True,2025-03-21 13:35:33,R_7DYDHlbV6QDLdAJ,qr,EN,I voluntarily consent to participate in this study,Female,NOT a first-generation college student,3.00 – 4.00,Freshman,"a Science, Technology, Engineering, or Mathematics (STEM) major",Middle Class,6 – 10 hours,7 – 9 hours,0 hours (don’t work),0 hours (don’t engage in extracurricular activities),Good,Yes,Yes,No,No,Yes,No,Sometimes,Sometimes,Often,Never
2025-03-21 13:36:33,2025-03-21 13:43:25,IP Address,100,411,True,2025-03-21 13:43:25,R_7qERRVGzAv2qVQB,qr,EN,I voluntarily consent to participate in this study,Female,NOT a first-generation college student,3.00 – 4.00,Sophomore,"a Science, Technology, Engineering, or Mathematics (STEM) major",Upper Middle Class,6 – 10 hours,7 – 9 hours,0 hours (don’t work),6 – 10 hours,Good,No,Yes,Yes,No,Yes,No,Often,Very Often,Very Often,very Often
2025-03-21 13:42:51,2025-03-21 13:45:16,IP Address,100,144,True,2025-03-21 13:45:16,R_7fdY2UkNr74c5fw,qr,EN,I voluntarily consent to participate in this study,Female,a first-generation college student,3.00 – 4.00,Freshman,"a Science, Technology, Engineering, or Mathematics (STEM) major",Working Class,6 – 10 hours,4 – 6 hours,6 – 10 hours,0 hours (don’t engage in extracurricular activities),Fair,Yes,No,No,No,No,No,Often,Rarely,Rarely,Rarely
2025-03-14 15:19:54,2025-03-14 15:20:28,IP Address,30,33,False,2025-03-21 15:20:29,R_1wQ5RJ5mgIqriJr,qr,EN,I voluntarily consent to participate in this study,Female,NOT a first-generation college student,3.00 – 4.00,Freshman,"a Science, Technology, Engineering, or Mathematics (STEM) major",,,,,,,,,,,,,,,,
2025-03-14 15:25:17,2025-03-14 15:28:34,IP Address,43,196,False,2025-03-21 15:28:40,R_6FXwoChEtgfQWxB,qr,EN,I voluntarily consent to participate in this study,Female,NOT a first-generation college student,3.00 – 4.00,Sophomore,"a Science, Technology, Engineering, or Mathematics (STEM) major",Upper Middle Class,6 – 10 hours,4 – 6 hours,,,,,,,,,,,,,
2025-03-14 15:31:09,2025-03-14 15:32:55,IP Address,52,105,False,2025-03-21 15:33:01,R_3ErLw4Ks2K0LKr8,qr,EN,I voluntarily consent to participate in this study,Male,NOT a first-generation college student,1.00 – 1.99,Freshman,"a Science, Technology, Engineering, or Mathematics (STEM) major",Middle Class,1 – 5 hours,4 – 6 hours,0 hours (don’t work),0 hours (don’t engage in extracurricular activities),,,,,,,,,,,
2025-03-19 14:24:41,2025-03-19 14:25:28,IP Address,22,46,False,2025-03-26 14:25:30,R_3CJgLvfuz3mzOeO,qr,EN,I voluntarily consent to participate in this study,Female,NOT a first-generation college student,3.00 – 4.00,,,,,,,,,,,,,,,,,,
2025-03-19 14:24:44,2025-03-19 14:28:00,IP Address,48,196,False,2025-03-26 14:28:02,R_7ttgdeKAtgdgH6J,qr,EN,I voluntarily consent to participate in this study,Female,NOT a first-generation college student,3.00 – 4.00,Freshman,"a Science, Technology, Engineering, or Mathematics (STEM) major",Middle Class,1 – 5 hours,4 – 6 hours,0 hours (don’t work),,,,,,,,,,,,
2025-03-19 14:38:54,2025-03-19 14:39:53,IP Address,17,58,False,2025-03-26 14:39:54,R_1nGgOHNH7R6g8lL,qr,EN,I voluntarily consent to participate in this study,Male,NOT a first-generation college student,,,,,,,,,,,,,,,,,,,
2025-03-26 17:13:55,2025-03-26 17:16:39,IP Address,100,164,True,2025-03-26 17:16:42,R_1SknZBDPYbN7bwy,qr,EN,I voluntarily consent to participate in this study,Female,a first-generation college student,3.00 – 4.00,Freshman,"a Science, Technology, Engineering, or Mathematics (STEM) major",Working Class,16 – 20 hours,4 – 6 hours,0 hours (don’t work),0 hours (don’t engage in extracurricular activities),Okay,Yes,Yes,No,No,No,No,Never,Sometimes,Never,Never
2025-03-27 16:40:00,2025-03-27 16:42:26,IP Address,100,146,True,2025-03-27 16:42:27,R_79sJ5wftlRmGbXT,qr,EN,I voluntarily consent to participate in this study,Male,NOT a first-generation college student,3.00 – 4.00,Junior,"NOT a Science, Technology, Engineering, or Mathematics (STEM) major",Middle Class,6 – 10 hours,4 – 6 hours,0 hours (don’t work),11 – 15 hours,Fair,Yes,Yes,Yes,No,,Yes,Often,Sometimes,Often,Rarely
2025-03-21 13:28:06,2025-03-21 13:32:44,IP Address,96,278,False,2025-03-28 13:32:49,R_6j80eUelZbtqSBH,qr,EN,I voluntarily consent to participate in this study,Male,NOT a first-generation college student,3.00 – 4.00,Senior,"a Science, Technology, Engineering, or Mathematics (STEM) major",Middle Class,6 – 10 hours,4 – 6 hours,0 hours (don’t work),1 – 5 hours,Fair,No,Yes,No,No,Yes,No,Sometimes,Sometimes,Sometimes,
2025-04-11 14:58:58,2025-04-11 15:01:34,IP Address,100,156,True,2025-04-11 15:01:35,R_54ngfTMQozV7s0F,anonymous,EN,I voluntarily consent to participate in this study,Female,NOT a first-generation college student,3.00 – 4.00,Freshman,"NOT a Science, Technology, Engineering, or Mathematics (STEM) major",Middle Class,1 – 5 hours,7 – 9 hours,0 hours (don’t work),1 – 5 hours,Okay,Yes,No,No,No,No,No,Often,Rarely,Sometimes,Rarely
2025-04-11 19:29:53,2025-04-11 19:35:49,IP Address,100,356,True,2025-04-11 19:35:50,R_5XotISVEAlCOxk5,anonymous,EN,I voluntarily consent to participate in this study,Female,NOT a first-generation college student,3.00 – 4.00,Junior,"NOT a Science, Technology, Engineering, or Mathematics (STEM) major",Working Class,6 – 10 hours,7 – 9 hours,More than 20 hours,0 hours (don’t engage in extracurricular activities),Excellent (5),Yes,Yes,No,No,No,No,Never,Never,Never,Never
2025-04-11 23:14:28,2025-04-11 23:19:17,IP Address,100,289,True,2025-04-11 23:19:17,R_6n70JB2nwHZIAv5,anonymous,EN,I voluntarily consent to participate in this study,Female,a first-generation college student,3.00 – 4.00,Junior,"NOT a Science, Technology, Engineering, or Mathematics (STEM) major",Lower Middle Class,More than 20 hours,7 – 9 hours,11 – 15 hours,1 – 5 hours,Good,Yes,Yes,No,No,No,No,Sometimes,Rarely,Rarely,Rarely
2025-04-12 09:53:39,2025-04-12 09:56:06,IP Address,100,147,True,2025-04-12 09:56:07,R_5QPOWgH04dniNUr,anonymous,EN,I voluntarily consent to participate in this study,Female,NOT a first-generation college student,Don’t know,Freshman,"a Science, Technology, Engineering, or Mathematics (STEM) major",Middle Class,1 – 5 hours,4 – 6 hours,1 – 5 hours,1 – 5 hours,Fair,Yes,No,No,No,No,No,Often,Sometimes,Sometimes,Rarely
2025-04-12 23:20:56,2025-04-12 23:25:35,IP Address,100,279,True,2025-04-12 23:25:36,R_572aD4YswW9PxuD,qr,EN,I voluntarily consent to participate in this study,Female,a first-generation college student,3.00 – 4.00,Senior,"a Science, Technology, Engineering, or Mathematics (STEM) major",Working Class,1 – 5 hours,7 – 9 hours,0 hours (don’t work),1 – 5 hours,Fair,Yes,Yes,No,No,No,Yes,Often,Often,Sometimes,Sometimes
2025-04-13 14:09:37,2025-04-13 14:13:33,IP Address,100,236,True,2025-04-13 14:13:33,R_7xCVrs6D87utNJa,anonymous,EN,I voluntarily consent to participate in this study,Female,a first-generation college student,3.00 – 4.00,Freshman,"NOT a Science, Technology, Engineering, or Mathematics (STEM) major",Working Class,1 – 5 hours,7 – 9 hours,0 hours (don’t work),11 – 15 hours,Okay,Yes,Yes,No,No,No,No,Rarely,Rarely,Never,Never
2025-04-13 16:48:27,2025-04-13 16:53:04,IP Address,100,276,True,2025-04-13 16:53:04,R_7NxJBMQPeUrvZTJ,anonymous,EN,I voluntarily consent to participate in this study,Female,NOT a first-generation college student,3.00 – 4.00,Freshman,"NOT a Science, Technology, Engineering, or Mathematics (STEM) major",Lower Middle Class,11 – 15 hours,4 – 6 hours,0 hours (don’t work),1 – 5 hours,Okay,Yes,Yes,No,No,No,No,Rarely,Sometimes,Never,Never
2025-04-13 16:53:20,2025-04-13 16:55:05,IP Address,100,105,True,2025-04-13 16:55:06,R_5HMKsuwYkwSBOVQ,anonymous,EN,I voluntarily consent to participate in this study,Female,NOT a first-generation college student,3.00 – 4.00,Freshman,"NOT a Science, Technology, Engineering, or Mathematics (STEM) major",Lower Middle Class,11 – 15 hours,4 – 6 hours,6 – 10 hours,1 – 5 hours,Okay,Yes,Yes,No,No,No,No,Rarely,Sometimes,Never,Never
2025-04-13 20:23:01,2025-04-13 20:25:38,IP Address,100,157,True,2025-04-13 20:25:39,R_7BzB4ZrkCjAJWcO,anonymous,EN,I voluntarily consent to participate in this study,Female,NOT a first-generation college student,3.00 – 4.00,Sophomore,"a Science, Technology, Engineering, or Mathematics (STEM) major",Upper Middle Class,6 – 10 hours,7 – 9 hours,0 hours (don’t work),6 – 10 hours,Okay,Yes,Yes,No,No,No,No,Sometimes,Rarely,Rarely,Rarely
2025-04-13 20:34:03,2025-04-13 20:39:13,IP Address,100,310,True,2025-04-13 20:39:14,R_7gWDoHHKqPL9kad,anonymous,EN,I voluntarily consent to participate in this study,Female,NOT a first-generation college student,3.00 – 4.00,Freshman,"a Science, Technology, Engineering, or Mathematics (STEM) major",Middle Class,6 – 10 hours,7 – 9 hours,0 hours (don’t work),1 – 5 hours,Excellent (5),Yes,Yes,Yes,No,Yes,No,Often,Very Often,Often,Often
2025-04-13 22:23:24,2025-04-13 22:29:02,IP Address,100,338,True,2025-04-13 22:29:03,R_33qbHUtQAYq9kml,anonymous,EN,I voluntarily consent to participate in this study,Female,a first-generation college student,3.00 – 4.00,Freshman,"a Science, Technology, Engineering, or Mathematics (STEM) major",Working Class,1 – 5 hours,4 – 6 hours,0 hours (don’t work),0 hours (don’t engage in extracurricular activities),,No,No,No,No,No,No,Sometimes,Sometimes,Rarely,Rarely
2025-04-14 10:25:53,2025-04-14 10:27:53,IP Address,100,119,True,2025-04-14 10:27:53,R_7Yfk1QDrI1dJoRt,anonymous,EN,I voluntarily consent to participate in this study,Female,a first-generation college student,3.00 – 4.00,Freshman,"a Science, Technology, Engineering, or Mathematics (STEM) major",Middle Class,6 – 10 hours,4 – 6 hours,0 hours (don’t work),1 – 5 hours,Okay,Yes,Yes,No,No,No,No,Sometimes,Sometimes,Sometimes,Rarely
2025-04-14 10:27:03,2025-04-14 10:29:33,IP Address,100,150,True,2025-04-14 10:29:33,R_1ztetqdE4WMJe49,anonymous,EN,I voluntarily consent to participate in this study,Male,a first-generation college student,3.00 – 4.00,Freshman,"a Science, Technology, Engineering, or Mathematics (STEM) major",Middle Class,11 – 15 hours,7 – 9 hours,0 hours (don’t work),1 – 5 hours,Okay,Yes,Yes,No,No,No,No,Very Often,Very Often,Very Often,Sometimes
2025-04-14 10:54:36,2025-04-14 10:57:57,IP Address,100,200,True,2025-04-14 10:57:57,R_38G1Ip6phcOZttg,anonymous,EN,I voluntarily consent to participate in this study,Male,NOT a first-generation college student,2.00 – 2.99,Junior,"NOT a Science, Technology, Engineering, or Mathematics (STEM) major",Upper Middle Class,6 – 10 hours,7 – 9 hours,16 – 20 hours,1 – 5 hours,Okay,Yes,Yes,No,No,No,No,Sometimes,Rarely,Rarely,Rarely
2025-04-14 11:07:35,2025-04-14 11:10:47,IP Address,100,192,True,2025-04-14 11:10:48,R_11djoj3JPUQUQul,anonymous,EN,I voluntarily consent to participate in this study,Female,a first-generation college student,3.00 – 4.00,Freshman,"NOT a Science, Technology, Engineering, or Mathematics (STEM) major",Middle Class,1 – 5 hours,4 – 6 hours,0 hours (don’t work),1 – 5 hours,Okay,Yes,Yes,No,No,No,No,Often,Rarely,Rarely,Rarely
2025-04-14 12:34:59,2025-04-14 12:39:07,IP Address,100,247,True,2025-04-14 12:39:07,R_6JF5e29A5c2KTbB,anonymous,EN,I voluntarily consent to participate in this study,Female,a first-generation college student,3.00 – 4.00,Sophomore,"a Science, Technology, Engineering, or Mathematics (STEM) major",Working Class,6 – 10 hours,4 – 6 hours,0 hours (don’t work),1 – 5 hours,Good,Yes,Yes,No,No,No,No,Sometimes,Rarely,Sometimes,Never
2025-04-14 15:52:27,2025-04-14 15:56:04,IP Address,100,216,True,2025-04-14 15:56:04,R_39Ovx4GtlRvlYtP,anonymous,EN,I voluntarily consent to participate in this study,Male,a first-generation college student,3.00 – 4.00,Sophomore,"a Science, Technology, Engineering, or Mathematics (STEM) major",Middle Class,1 – 5 hours,4 – 6 hours,0 hours (don’t work),6 – 10 hours,Okay,Yes,Yes,No,No,No,No,Never,Never,Rarely,Never
2025-04-15 12:27:54,2025-04-15 12:29:37,IP Address,100,102,True,2025-04-15 12:29:37,R_5FVzOYkUUzAokDw,anonymous,EN,I voluntarily consent to participate in this study,Female,a first-generation college student,3.00 – 4.00,Freshman,"NOT a Science, Technology, Engineering, or Mathematics (STEM) major",Middle Class,6 – 10 hours,7 – 9 hours,0 hours (don’t work),1 – 5 hours,Okay,Yes,No,No,No,No,No,Rarely,Rarely,Never,Rarely
2025-04-15 13:33:13,2025-04-15 13:40:00,IP Address,100,406,True,2025-04-15 13:40:00,R_7fUDae9Zfm2t3QW,anonymous,EN,I voluntarily consent to participate in this study,Female,NOT a first-generation college student,3.00 – 4.00,Sophomore,"NOT a Science, Technology, Engineering, or Mathematics (STEM) major",Upper Middle Class,6 – 10 hours,7 – 9 hours,0 hours (don’t work),1 – 5 hours,Okay,Yes,Yes,No,No,Yes,No,Sometimes,Rarely,Rarely,Never
2025-04-15 13:47:45,2025-04-15 13:50:25,IP Address,100,159,True,2025-04-15 13:50:25,R_7wMi9ClOS4M1XOz,anonymous,EN,I voluntarily consent to participate in this study,Female,NOT a first-generation college student,3.00 – 4.00,Freshman,"a Science, Technology, Engineering, or Mathematics (STEM) major",Lower Middle Class,11 – 15 hours,4 – 6 hours,0 hours (don’t work),0 hours (don’t engage in extracurricular activities),Good,Yes,Yes,No,No,No,No,Never,Never,Never,Never
2025-04-15 14:41:13,2025-04-15 14:43:06,IP Address,100,112,True,2025-04-15 14:43:06,R_5y28BqjFlaMk6Cg,anonymous,EN,I voluntarily consent to participate in this study,Male,NOT a first-generation college student,3.00 – 4.00,Freshman,"a Science, Technology, Engineering, or Mathematics (STEM) major",Middle Class,6 – 10 hours,7 – 9 hours,0 hours (don’t work),6 – 10 hours,Good,Yes,Yes,Yes,No,No,No,Sometimes,Rarely,Rarely,Rarely
2025-04-15 14:39:53,2025-04-15 14:50:11,IP Address,100,618,True,2025-04-15 14:50:12,R_32JzgDzF6v8eInv,anonymous,EN,I voluntarily consent to participate in this study,Male,a first-generation college student,3.00 – 4.00,Freshman,"a Science, Technology, Engineering, or Mathematics (STEM) major",Middle Class,1 – 5 hours,4 – 6 hours,0 hours (don’t work),1 – 5 hours,Okay,Yes,Yes,No,No,No,No,Sometimes,Sometimes,Sometimes,Sometimes
2025-04-15 17:06:09,2025-04-15 17:17:54,IP Address,100,704,True,2025-04-15 17:17:54,R_3TzKhgYWEfPMLgB,anonymous,EN,I voluntarily consent to participate in this study,Male,NOT a first-generation college student,3.00 – 4.00,Sophomore,"a Science, Technology, Engineering, or Mathematics (STEM) major",Lower Middle Class,1 – 5 hours,4 – 6 hours,0 hours (don’t work),1 – 5 hours,Okay,Yes,Yes,No,No,No,No,Very Often,Never,Sometimes,Never
2025-04-15 17:16:31,2025-04-15 17:19:46,IP Address,100,194,True,2025-04-15 17:19:46,R_5jlA9x3UfW9QUSJ,anonymous,EN,I voluntarily consent to participate in this study,Female,a first-generation college student,3.00 – 4.00,Sophomore,"a Science, Technology, Engineering, or Mathematics (STEM) major",Working Class,6 – 10 hours,4 – 6 hours,More than 20 hours,0 hours (don’t engage in extracurricular activities),Poor (1),Yes,No,No,No,No,No,Sometimes,Sometimes,Sometimes,Sometimes
2025-04-15 17:26:51,2025-04-15 17:28:36,IP Address,100,104,True,2025-04-15 17:28:36,R_3EhgBRZW1WfHPtR,anonymous,EN,I voluntarily consent to participate in this study,Male,NOT a first-generation college student,3.00 – 4.00,Freshman,"NOT a Science, Technology, Engineering, or Mathematics (STEM) major",Working Class,6 – 10 hours,4 – 6 hours,0 hours (don’t work),1 – 5 hours,Fair,Yes,Yes,No,No,No,No,Rarely,Rarely,Rarely,Rarely
2025-04-15 19:30:09,2025-04-15 19:32:26,IP Address,100,137,True,2025-04-15 19:32:27,R_6f9MPFhr3mao2mk,anonymous,EN,I voluntarily consent to participate in this study,Male,NOT a first-generation college student,3.00 – 4.00,Sophomore,"NOT a Science, Technology, Engineering, or Mathematics (STEM) major",Lower Middle Class,6 – 10 hours,7 – 9 hours,11 – 15 hours,0 hours (don’t engage in extracurricular activities),Fair,Yes,Yes,No,No,No,No,Never,Never,Never,Never
2025-04-15 19:33:27,2025-04-15 19:36:34,IP Address,100,186,True,2025-04-15 19:36:34,R_5b6WJAb5l11tU7T,anonymous,EN,I voluntarily consent to participate in this study,Female,a first-generation college student,3.00 – 4.00,Freshman,"a Science, Technology, Engineering, or Mathematics (STEM) major",Working Class,1 – 5 hours,4 – 6 hours,More than 20 hours,0 hours (don’t engage in extracurricular activities),Fair,Yes,Yes,No,No,No,No,Never,Never,Never,Never
2025-04-15 20:47:34,2025-04-15 20:50:20,IP Address,100,166,True,2025-04-15 20:50:21,R_4QRzIeCcupbC3Qi,anonymous,EN,I voluntarily consent to participate in this study,Female,a first-generation college student,3.00 – 4.00,Freshman,"a Science, Technology, Engineering, or Mathematics (STEM) major",Middle Class,1 – 5 hours,7 – 9 hours,0 hours (don’t work),1 – 5 hours,Okay,Yes,No,Yes,No,No,No,Very Often,Often,Rarely,Sometimes
2025-04-15 21:42:50,2025-04-15 21:44:32,IP Address,100,102,True,2025-04-15 21:44:32,R_5dadxxDPMNp37Bw,anonymous,EN,I voluntarily consent to participate in this study,Female,NOT a first-generation college student,3.00 – 4.00,Junior,"NOT a Science, Technology, Engineering, or Mathematics (STEM) major",Middle Class,1 – 5 hours,4 – 6 hours,1 – 5 hours,1 – 5 hours,Fair,Yes,Yes,Yes,Yes,No,Yes,Very Often,Very Often,Very Often,Often
2025-04-15 22:18:49,2025-04-15 22:20:53,IP Address,100,124,True,2025-04-15 22:20:54,R_5qXJ51YX7RZZNWV,anonymous,EN,I voluntarily consent to participate in this study,Female,a first-generation college student,3.00 – 4.00,Freshman,"a Science, Technology, Engineering, or Mathematics (STEM) major",Working Class,6 – 10 hours,4 – 6 hours,11 – 15 hours,1 – 5 hours,Okay,Yes,No,No,No,No,No,Rarely,Rarely,Rarely,Rarely
2025-04-15 23:33:01,2025-04-15 23:38:53,IP Address,100,352,True,2025-04-15 23:38:54,R_7f8xxyBAlrjedMX,anonymous,EN,I voluntarily consent to participate in this study,Female,a first-generation college student,3.00 – 4.00,Freshman,"a Science, Technology, Engineering, or Mathematics (STEM) major",Working Class,1 – 5 hours,4 – 6 hours,0 hours (don’t work),1 – 5 hours,Okay,Yes,Yes,No,No,No,No,Sometimes,Never,Never,Never
2025-04-15 23:56:00,2025-04-15 23:59:30,IP Address,100,209,True,2025-04-15 23:59:30,R_4Xw7uYqE0gOqYlX,anonymous,EN,I voluntarily consent to participate in this study,Male,NOT a first-generation college student,3.00 – 4.00,Freshman,"NOT a Science, Technology, Engineering, or Mathematics (STEM) major",Lower Middle Class,1 – 5 hours,4 – 6 hours,0 hours (don’t work),0 hours (don’t engage in extracurricular activities),Fair,Yes,Yes,No,No,No,No,Sometimes,Sometimes,Sometimes,Sometimes
2025-04-16 02:16:54,2025-04-16 02:19:34,IP Address,100,159,True,2025-04-16 02:19:37,R_8OFyON2JkS1Oxbz,anonymous,EN,I voluntarily consent to participate in this study,Male,a first-generation college student,3.00 – 4.00,Freshman,"a Science, Technology, Engineering, or Mathematics (STEM) major",Middle Class,1 – 5 hours,7 – 9 hours,0 hours (don’t work),0 hours (don’t engage in extracurricular activities),Okay,Yes,No,No,No,No,No,Rarely,Never,Never,Never
2025-04-16 02:18:16,2025-04-16 02:19:36,IP Address,100,80,True,2025-04-16 02:19:37,R_4dFhMn2hJUWQWRF,anonymous,EN,I voluntarily consent to participate in this study,Male,NOT a first-generation college student,Prefer not to say,Junior,"a Science, Technology, Engineering, or Mathematics (STEM) major",Wealthy Class,11 – 15 hours,7 – 9 hours,6 – 10 hours,6 – 10 hours,Excellent (5),Yes,Yes,Yes,No,No,Yes,Sometimes,Sometimes,Sometimes,Sometimes
2025-04-16 10:19:27,2025-04-16 10:22:43,IP Address,100,196,True,2025-04-16 10:22:44,R_6YGBLJKgd2o0pb3,anonymous,EN,I voluntarily consent to participate in this study,Female,NOT a first-generation college student,3.00 – 4.00,Freshman,"NOT a Science, Technology, Engineering, or Mathematics (STEM) major",Middle Class,1 – 5 hours,4 – 6 hours,0 hours (don’t work),1 – 5 hours,Okay,Yes,Yes,No,No,No,No,Rarely,,Rarely,Never
2025-04-16 10:24:59,2025-04-16 10:26:37,IP Address,100,98,True,2025-04-16 10:26:37,R_7rGgS09HeTFGyJQ,anonymous,EN,I voluntarily consent to participate in this study,Male,NOT a first-generation college student,3.00 – 4.00,Freshman,"a Science, Technology, Engineering, or Mathematics (STEM) major",Lower Middle Class,1 – 5 hours,4 – 6 hours,11 – 15 hours,6 – 10 hours,Fair,Yes,Yes,Yes,No,No,No,Often,Often,Sometimes,Rarely
2025-04-16 10:25:31,2025-04-16 10:31:06,IP Address,100,334,True,2025-04-16 10:31:06,R_7eW3EWbbYigcMc9,anonymous,EN,I voluntarily consent to participate in this study,Male,NOT a first-generation college student,3.00 – 4.00,Freshman,"a Science, Technology, Engineering, or Mathematics (STEM) major",Working Class,1 – 5 hours,4 – 6 hours,6 – 10 hours,1 – 5 hours,Poor (1),Yes,No,No,No,No,No,Rarely,Never,Never,Rarely
2025-04-16 15:35:17,2025-04-16 15:38:37,IP Address,100,199,True,2025-04-16 15:38:37,R_1KUaUL084nTxfwa,anonymous,EN,I voluntarily consent to participate in this study,Male,NOT a first-generation college student,3.00 – 4.00,Sophomore,"a Science, Technology, Engineering, or Mathematics (STEM) major",Middle Class,6 – 10 hours,4 – 6 hours,6 – 10 hours,11 – 15 hours,Fair,Yes,Yes,No,No,No,No,Sometimes,Often,Often,very Often
2025-04-16 20:33:23,2025-04-16 20:36:22,IP Address,100,179,True,2025-04-16 20:36:23,R_1Cu5PdmOnxZ9aSJ,anonymous,EN,I voluntarily consent to participate in this study,Male,NOT a first-generation college student,3.00 – 4.00,Sophomore,"a Science, Technology, Engineering, or Mathematics (STEM) major",Middle Class,1 – 5 hours,7 – 9 hours,0 hours (don’t work),1 – 5 hours,Fair,Yes,No,No,No,No,No,Never,Never,Never,Never
2025-04-16 23:20:54,2025-04-16 23:23:38,IP Address,100,163,True,2025-04-16 23:23:39,R_674mQgRJkyTJQAW,anonymous,EN,I voluntarily consent to participate in this study,Female,NOT a first-generation college student,3.00 – 4.00,Freshman,"a Science, Technology, Engineering, or Mathematics (STEM) major",Wealthy Class,6 – 10 hours,4 – 6 hours,11 – 15 hours,11 – 15 hours,Good,Yes,No,No,No,No,No,Very Often,Rarely,Rarely,Rarely
2025-04-17 14:52:55,2025-04-17 14:53:27,IP Address,100,31,True,2025-04-17 14:53:28,R_6dZ3rBANAVlCg2g,anonymous,EN,I don't consent to participate in this study,,,,,,,,,,,,,,,,,,,,,
2025-04-17 14:53:53,2025-04-17 14:56:22,IP Address,100,148,True,2025-04-17 14:56:22,R_7GNfjcYRWWnPvTo,anonymous,EN,I voluntarily consent to participate in this study,Female,a first-generation college student,3.00 – 4.00,Freshman,"a Science, Technology, Engineering, or Mathematics (STEM) major",Middle Class,11 – 15 hours,7 – 9 hours,0 hours (don’t work),0 hours (don’t engage in extracurricular activities),Good,Yes,Yes,No,No,No,No,Often,Sometimes,Sometimes,Sometimes
2025-04-17 23:42:43,2025-04-17 23:45:34,IP Address,100,170,True,2025-04-17 23:45:34,R_5M5tl05Br3pC2Je,anonymous,EN,I voluntarily consent to participate in this study,Female,NOT a first-generation college student,3.00 – 4.00,Freshman,"NOT a Science, Technology, Engineering, or Mathematics (STEM) major",Upper Middle Class,1 – 5 hours,4 – 6 hours,0 hours (don’t work),1 – 5 hours,Good,Yes,Yes,No,No,No,No,Sometimes,Sometimes,Sometimes,Sometimes
2025-04-11 14:57:38,2025-04-11 14:59:02,IP Address,48,83,False,2025-04-18 14:59:05,R_59N2QLhUGuX9Xix,anonymous,EN,I voluntarily consent to participate in this study,Female,a first-generation college student,3.00 – 4.00,Freshman,"a Science, Technology, Engineering, or Mathematics (STEM) major",Working Class,1 – 5 hours,4 – 6 hours,0 hours (don’t work),,,,,,,,,,,,
2025-04-18 22:12:21,2025-04-18 22:13:42,IP Address,100,80,True,2025-04-18 22:13:43,R_7qvP0H9ULcXi9kR,anonymous,EN,I voluntarily consent to participate in this study,Female,a first-generation college student,3.00 – 4.00,Freshman,"NOT a Science, Technology, Engineering, or Mathematics (STEM) major",Lower Middle Class,1 – 5 hours,,0 hours (don’t work),1 – 5 hours,Okay,Yes,Yes,Yes,No,No,No,Very Often,Very Often,Sometimes,very Often
2025-04-18 22:24:15,2025-04-18 22:27:26,IP Address,100,190,True,2025-04-18 22:27:27,R_5qVOdJPZIrSzCFZ,anonymous,EN,I voluntarily consent to participate in this study,Female,NOT a first-generation college student,3.00 – 4.00,Freshman,"NOT a Science, Technology, Engineering, or Mathematics (STEM) major",Lower Middle Class,11 – 15 hours,1 – 3 hours,16 – 20 hours,1 – 5 hours,Okay,Yes,Yes,No,No,No,No,Sometimes,Sometimes,Sometimes,Sometimes
2025-04-18 22:48:35,2025-04-18 22:51:48,IP Address,100,193,True,2025-04-18 22:51:48,R_7EE2SAHJDzzUDoc,anonymous,EN,I voluntarily consent to participate in this study,Male,a first-generation college student,3.00 – 4.00,Junior,"NOT a Science, Technology, Engineering, or Mathematics (STEM) major",Middle Class,1 – 5 hours,4 – 6 hours,16 – 20 hours,11 – 15 hours,Okay,No,No,No,No,No,No,Never,Never,Never,Never
2025-04-21 10:56:14,2025-04-21 10:59:29,IP Address,100,194,True,2025-04-21 10:59:29,R_71dyPXeaie0U8KN,anonymous,EN,I voluntarily consent to participate in this study,Male,NOT a first-generation college student,3.00 – 4.00,Freshman,"NOT a Science, Technology, Engineering, or Mathematics (STEM) major",Middle Class,6 – 10 hours,7 – 9 hours,0 hours (don’t work),6 – 10 hours,Good,Yes,No,No,No,No,No,Sometimes,Never,Never,Rarely
2025-04-21 13:34:35,2025-04-21 13:37:15,IP Address,100,160,True,2025-04-21 13:37:16,R_5M0z52sdGuN8qAs,anonymous,EN,I voluntarily consent to participate in this study,Female,NOT a first-generation college student,3.00 – 4.00,Freshman,"NOT a Science, Technology, Engineering, or Mathematics (STEM) major",Lower Middle Class,11 – 15 hours,7 – 9 hours,0 hours (don’t work),1 – 5 hours,Good,Yes,Yes,No,No,No,No,Never,Often,Often,Sometimes
2025-04-21 13:36:38,2025-04-21 13:38:01,IP Address,100,82,True,2025-04-21 13:38:01,R_3pEWoPMiOsUQk3o,anonymous,EN,I voluntarily consent to participate in this study,Female,NOT a first-generation college student,2.00 – 2.99,Freshman,"NOT a Science, Technology, Engineering, or Mathematics (STEM) major",Middle Class,6 – 10 hours,7 – 9 hours,0 hours (don’t work),0 hours (don’t engage in extracurricular activities),Okay,Yes,Yes,No,No,No,No,Never,Often,Very Often,very Often
2025-04-21 13:34:55,2025-04-21 13:38:37,IP Address,100,221,True,2025-04-21 13:38:38,R_5K9Yc6YzbOVZRiy,anonymous,EN,I voluntarily consent to participate in this study,Female,NOT a first-generation college student,2.00 – 2.99,Sophomore,"a Science, Technology, Engineering, or Mathematics (STEM) major",Middle Class,1 – 5 hours,4 – 6 hours,0 hours (don’t work),1 – 5 hours,Fair,Yes,Yes,Yes,No,Yes,Yes,Often,Very Often,Very Often,very Often
2025-04-21 13:34:47,2025-04-21 13:39:06,IP Address,100,258,True,2025-04-21 13:39:06,R_3GP9MkLjMFL0EpJ,anonymous,EN,I voluntarily consent to participate in this study,Female,NOT a first-generation college student,3.00 – 4.00,Freshman,"NOT a Science, Technology, Engineering, or Mathematics (STEM) major",Upper Middle Class,1 – 5 hours,7 – 9 hours,0 hours (don’t work),1 – 5 hours,Excellent (5),Yes,Yes,Yes,No,No,No,Very Often,Sometimes,Never,Never
2025-04-21 13:35:59,2025-04-21 13:40:03,IP Address,100,244,True,2025-04-21 13:40:03,R_5BxktdTfmYl7lat,anonymous,EN,I voluntarily consent to participate in this study,Female,a first-generation college student,3.00 – 4.00,Senior,"NOT a Science, Technology, Engineering, or Mathematics (STEM) major",Middle Class,1 – 5 hours,4 – 6 hours,11 – 15 hours,6 – 10 hours,Okay,Yes,Yes,Yes,No,Yes,Yes,Sometimes,Sometimes,Rarely,Sometimes
2025-04-21 13:44:15,2025-04-21 13:47:02,IP Address,100,167,True,2025-04-21 13:47:02,R_50r7aWlv9BXVUxZ,anonymous,EN,I voluntarily consent to participate in this study,Male,NOT a first-generation college student,3.00 – 4.00,Freshman,"NOT a Science, Technology, Engineering, or Mathematics (STEM) major",Working Class,1 – 5 hours,7 – 9 hours,6 – 10 hours,6 – 10 hours,Fair,Yes,Yes,No,No,No,No,Rarely,Never,Never,Rarely
2025-04-21 13:44:50,2025-04-21 13:47:11,IP Address,100,140,True,2025-04-21 13:47:11,R_6gYGucC9P2x8iru,anonymous,EN,I voluntarily consent to participate in this study,Female,a first-generation college student,3.00 – 4.00,Freshman,"NOT a Science, Technology, Engineering, or Mathematics (STEM) major",Middle Class,1 – 5 hours,4 – 6 hours,More than 20 hours,0 hours (don’t engage in extracurricular activities),Fair,Yes,Yes,No,No,No,No,Sometimes,Sometimes,Sometimes,Sometimes
2025-04-21 14:09:29,2025-04-21 14:13:08,IP Address,100,218,True,2025-04-21 14:13:08,R_1mt1GqcOXFqhNp4,anonymous,EN,I voluntarily consent to participate in this study,Female,NOT a first-generation college student,3.00 – 4.00,Freshman,"a Science, Technology, Engineering, or Mathematics (STEM) major",Working Class,6 – 10 hours,7 – 9 hours,0 hours (don’t work),6 – 10 hours,Good,Yes,Yes,No,No,No,No,Rarely,Often,Rarely,Rarely
2025-04-21 14:26:19,2025-04-21 14:30:30,IP Address,100,251,True,2025-04-21 14:30:31,R_5Qq1Zq4CDgJj4qZ,anonymous,EN,I voluntarily consent to participate in this study,Female,NOT a first-generation college student,3.00 – 4.00,Freshman,"NOT a Science, Technology, Engineering, or Mathematics (STEM) major",Lower Middle Class,6 – 10 hours,7 – 9 hours,0 hours (don’t work),6 – 10 hours,Good,Yes,Yes,Yes,No,No,No,Very Often,Often,Often,Sometimes
2025-04-21 14:31:55,2025-04-21 14:33:39,IP Address,100,104,True,2025-04-21 14:33:39,R_5Hcnv6hAh5FYZu9,anonymous,EN,I voluntarily consent to participate in this study,Male,NOT a first-generation college student,3.00 – 4.00,Sophomore,"NOT a Science, Technology, Engineering, or Mathematics (STEM) major",Middle Class,1 – 5 hours,4 – 6 hours,0 hours (don’t work),1 – 5 hours,Okay,Yes,Yes,No,No,No,No,Sometimes,Sometimes,Sometimes,Sometimes
2025-04-21 15:16:22,2025-04-21 15:18:57,IP Address,100,155,True,2025-04-21 15:18:58,R_7rIbEZxdgtddw20,anonymous,EN,I voluntarily consent to participate in this study,Female,NOT a first-generation college student,3.00 – 4.00,Freshman,"NOT a Science, Technology, Engineering, or Mathematics (STEM) major",Upper Middle Class,1 – 5 hours,4 – 6 hours,0 hours (don’t work),More than 20 hours,Fair,Yes,Yes,Yes,No,Yes,Yes,Sometimes,Sometimes,Sometimes,Sometimes
2025-04-21 14:03:14,2025-04-21 15:31:03,IP Address,100,5269,True,2025-04-21 15:31:04,R_5sAOM8Q73gd9FO9,anonymous,EN,I voluntarily consent to participate in this study,Female,a first-generation college student,3.00 – 4.00,Freshman,"NOT a Science, Technology, Engineering, or Mathematics (STEM) major",Lower Middle Class,1 – 5 hours,4 – 6 hours,0 hours (don’t work),1 – 5 hours,Okay,Yes,Yes,Yes,No,No,No,Sometimes,Sometimes,Sometimes,Rarely
2025-04-21 15:59:46,2025-04-21 16:03:12,IP Address,100,206,True,2025-04-21 16:03:13,R_1wuRI0HPh3DBaYV,anonymous,EN,I voluntarily consent to participate in this study,Female,a first-generation college student,2.00 – 2.99,Sophomore,"NOT a Science, Technology, Engineering, or Mathematics (STEM) major",Lower Middle Class,6 – 10 hours,4 – 6 hours,11 – 15 hours,0 hours (don’t engage in extracurricular activities),Fair,Yes,Yes,No,No,No,No,Rarely,Never,Never,Never
2025-04-21 16:02:34,2025-04-21 16:03:50,IP Address,100,75,True,2025-04-21 16:03:50,R_65YD3twT5LokQsV,anonymous,EN,I voluntarily consent to participate in this study,Female,NOT a first-generation college student,3.00 – 4.00,Freshman,"NOT a Science, Technology, Engineering, or Mathematics (STEM) major",Middle Class,1 – 5 hours,7 – 9 hours,16 – 20 hours,1 – 5 hours,Okay,Yes,Yes,Yes,No,Yes,No,Sometimes,Rarely,Sometimes,Sometimes
2025-04-21 17:24:26,2025-04-21 17:28:19,IP Address,100,233,True,2025-04-21 17:28:19,R_5fwriapnFpXWiMF,anonymous,EN,I voluntarily consent to participate in this study,Female,NOT a first-generation college student,3.00 – 4.00,Freshman,"a Science, Technology, Engineering, or Mathematics (STEM) major",Middle Class,11 – 15 hours,4 – 6 hours,6 – 10 hours,1 – 5 hours,Okay,Yes,No,No,No,No,No,Never,Never,Never,Never
2025-04-21 18:36:23,2025-04-21 18:38:47,IP Address,100,143,True,2025-04-21 18:38:48,R_7fellFFlme9hclh,anonymous,EN,I voluntarily consent to participate in this study,Female,a first-generation college student,3.00 – 4.00,Freshman,"NOT a Science, Technology, Engineering, or Mathematics (STEM) major",Lower Middle Class,1 – 5 hours,7 – 9 hours,1 – 5 hours,1 – 5 hours,Okay,Yes,Yes,No,No,No,No,Never,Never,Never,Never
2025-04-21 18:44:47,2025-04-21 18:51:26,IP Address,100,399,True,2025-04-21 18:51:27,R_1mODaN8CXzs1rcB,anonymous,EN,I voluntarily consent to participate in this study,Female,NOT a first-generation college student,3.00 – 4.00,Freshman,"a Science, Technology, Engineering, or Mathematics (STEM) major",Middle Class,1 – 5 hours,7 – 9 hours,0 hours (don’t work),1 – 5 hours,Okay,Yes,Yes,No,No,No,No,Sometimes,Sometimes,Sometimes,Sometimes
2025-04-21 19:55:48,2025-04-21 19:57:48,IP Address,100,119,True,2025-04-21 19:57:48,R_1NWnlyV6LnTBvRR,anonymous,EN,I voluntarily consent to participate in this study,Female,NOT a first-generation college student,3.00 – 4.00,Freshman,"NOT a Science, Technology, Engineering, or Mathematics (STEM) major",Middle Class,6 – 10 hours,7 – 9 hours,0 hours (don’t work),6 – 10 hours,Good,Yes,Yes,No,No,No,No,Never,Never,Never,Never
2025-04-21 13:42:15,2025-04-21 20:29:53,IP Address,100,24458,True,2025-04-21 20:29:53,R_7nuVQOFON4I55FQ,anonymous,EN,I voluntarily consent to participate in this study,Female,NOT a first-generation college student,3.00 – 4.00,Sophomore,"a Science, Technology, Engineering, or Mathematics (STEM) major",Lower Middle Class,1 – 5 hours,4 – 6 hours,0 hours (don’t work),16 – 20 hours,Good,No,No,No,No,No,No,Rarely,Rarely,Rarely,Rarely
2025-04-21 21:33:41,2025-04-21 21:38:10,IP Address,100,268,True,2025-04-21 21:38:10,R_6r78WcSilmLWskP,anonymous,EN,I voluntarily consent to participate in this study,Male,NOT a first-generation college student,3.00 – 4.00,Junior,"NOT a Science, Technology, Engineering, or Mathematics (STEM) major",Upper Middle Class,6 – 10 hours,4 – 6 hours,0 hours (don’t work),1 – 5 hours,Excellent (5),Yes,Yes,No,No,No,Yes,Very Often,Often,Sometimes,Often
2025-04-21 21:59:12,2025-04-21 22:01:12,IP Address,100,119,True,2025-04-21 22:01:12,R_3jEXogeKDog3teh,anonymous,EN,I voluntarily consent to participate in this study,Female,a first-generation college student,2.00 – 2.99,Sophomore,"a Science, Technology, Engineering, or Mathematics (STEM) major",Working Class,6 – 10 hours,4 – 6 hours,0 hours (don’t work),1 – 5 hours,Fair,Yes,Yes,No,No,No,No,Sometimes,Rarely,Rarely,Never
2025-04-21 22:05:28,2025-04-21 22:07:52,IP Address,100,144,True,2025-04-21 22:07:53,R_7FRR1reFDtAitJL,anonymous,EN,I voluntarily consent to participate in this study,Female,NOT a first-generation college student,3.00 – 4.00,Freshman,"a Science, Technology, Engineering, or Mathematics (STEM) major",Middle Class,6 – 10 hours,4 – 6 hours,0 hours (don’t work),1 – 5 hours,Okay,Yes,Yes,No,No,No,No,Very Often,Often,Often,Rarely
2025-04-21 23:19:28,2025-04-21 23:21:35,IP Address,100,126,True,2025-04-21 23:21:35,R_31yxM935mDoWyeR,anonymous,EN,I voluntarily consent to participate in this study,Female,NOT a first-generation college student,3.00 – 4.00,Freshman,"NOT a Science, Technology, Engineering, or Mathematics (STEM) major",Middle Class,11 – 15 hours,7 – 9 hours,0 hours (don’t work),1 – 5 hours,Good,Yes,Yes,No,No,No,No,Sometimes,Often,Never,Never
2025-04-22 16:09:11,2025-04-22 16:11:11,IP Address,100,120,True,2025-04-22 16:11:11,R_69Lfy7GYoWfS0zn,anonymous,EN,I voluntarily consent to participate in this study,Female,NOT a first-generation college student,3.00 – 4.00,Freshman,"NOT a Science, Technology, Engineering, or Mathematics (STEM) major",Working Class,1 – 5 hours,4 – 6 hours,0 hours (don’t work),0 hours (don’t engage in extracurricular activities),Good,Yes,Yes,No,No,No,No,Rarely,Rarely,Never,Never
2025-04-22 19:00:46,2025-04-22 19:02:55,IP Address,100,128,True,2025-04-22 19:02:56,R_5nSHvZ83ozKmH0v,anonymous,EN,I voluntarily consent to participate in this study,Male,a first-generation college student,3.00 – 4.00,Freshman,"NOT a Science, Technology, Engineering, or Mathematics (STEM) major",Middle Class,1 – 5 hours,4 – 6 hours,0 hours (don’t work),1 – 5 hours,Good,Yes,Yes,Yes,Yes,No,Yes,Often,Sometimes,Rarely,Rarely
2025-04-27 14:28:31,2025-04-27 14:31:17,IP Address,100,165,True,2025-04-27 14:31:17,R_1UUlojP7MF7ctI5,anonymous,EN,I voluntarily consent to participate in this study,Male,NOT a first-generation college student,2.00 – 2.99,Freshman,"NOT a Science, Technology, Engineering, or Mathematics (STEM) major",Lower Middle Class,1 – 5 hours,4 – 6 hours,0 hours (don’t work),0 hours (don’t engage in extracurricular activities),Fair,Yes,Yes,No,No,No,No,Rarely,Rarely,Sometimes,Sometimes
